-- phpMyAdmin SQL Dump
-- version 5.2.1
-- https://www.phpmyadmin.net/
--
-- Máy chủ: 127.0.0.1
-- Thời gian đã tạo: Th8 06, 2024 lúc 11:13 PM
-- Phiên bản máy phục vụ: 10.4.32-MariaDB
-- Phiên bản PHP: 8.0.30

SET SQL_MODE = "NO_AUTO_VALUE_ON_ZERO";
START TRANSACTION;
SET time_zone = "+00:00";


/*!40101 SET @OLD_CHARACTER_SET_CLIENT=@@CHARACTER_SET_CLIENT */;
/*!40101 SET @OLD_CHARACTER_SET_RESULTS=@@CHARACTER_SET_RESULTS */;
/*!40101 SET @OLD_COLLATION_CONNECTION=@@COLLATION_CONNECTION */;
/*!40101 SET NAMES utf8mb4 */;

--
-- Cơ sở dữ liệu: `predict7`
--

-- --------------------------------------------------------

--
-- Cấu trúc bảng cho bảng `bang_diem`
--

CREATE TABLE `bang_diem` (
  `Ma_bang_diem` int(11) NOT NULL,
  `Diem_trung_binh_hoc_ky` varchar(100) NOT NULL,
  `Diem_tich_luy_he_4` varchar(100) NOT NULL,
  `Ma_hk_nien_khoa` varchar(100) NOT NULL,
  `MSSV` varchar(100) NOT NULL
) ENGINE=InnoDB DEFAULT CHARSET=utf8mb4 COLLATE=utf8mb4_general_ci;

--
-- Đang đổ dữ liệu cho bảng `bang_diem`
--

INSERT INTO `bang_diem` (`Ma_bang_diem`, `Diem_trung_binh_hoc_ky`, `Diem_tich_luy_he_4`, `Ma_hk_nien_khoa`, `MSSV`) VALUES
(2541, '3.94', '3.94', 'HKI 2020-2021', '110120002'),
(2542, '3.38', '3.66', 'HKII 2020-2021', '110120002'),
(2543, '3.61', '3.64', 'HKI 2021-2022', '110120002'),
(2544, '3.45', '3.58', 'HKII 2021-2022', '110120002'),
(2545, '3.23', '3.51', 'HKI 2022-2023', '110120002'),
(2546, '3.5', '3.5', 'HKII 2022-2023', '110120002'),
(2547, '3.43', '3.49', 'HKI 2023-2024', '110120002'),
(2548, '2.32', '2.32', 'HKI 2020-2021', '110120004'),
(2549, '2.45', '2.38', 'HKII 2020-2021', '110120004'),
(2550, '2.45', '2.41', 'HKI 2021-2022', '110120004'),
(2551, '1.95', '2.28', 'HKII 2021-2022', '110120004'),
(2552, '2.18', '2.26', 'HKI 2022-2023', '110120004'),
(2553, '2.78', '2.35', 'HKII 2022-2023', '110120004'),
(2554, '1.93', '2.29', 'HKI 2023-2024', '110120004'),
(2555, '1.66', '1.66', 'HKI 2020-2021', '110120006'),
(2556, '2.17', '1.85', 'HKII 2020-2021', '110120006'),
(2557, '2.5', '2.01', 'HKI 2021-2022', '110120006'),
(2558, '1.38', '1.86', 'HKII 2021-2022', '110120006'),
(2559, '2.21', '1.97', 'HKI 2022-2023', '110120006'),
(2560, '2.08', '2', 'HKII 2022-2023', '110120006'),
(2561, '2.38', '2.07', 'HKI 2023-2024', '110120006'),
(2562, '3.69', '3.69', 'HKI 2020-2021', '110120008'),
(2563, '3.15', '3.39', 'HKII 2020-2021', '110120008'),
(2564, '3.29', '3.35', 'HKI 2021-2022', '110120008'),
(2565, '3.17', '3.3', 'HKII 2021-2022', '110120008'),
(2566, '3.3', '3.3', 'HKI 2022-2023', '110120008'),
(2567, '3.4', '3.32', 'HKII 2022-2023', '110120008'),
(2568, '3.79', '3.39', 'HKI 2023-2024', '110120008'),
(2569, '3.45', '3.45', 'HKI 2020-2021', '110120010'),
(2570, '2.75', '3.09', 'HKII 2020-2021', '110120010'),
(2571, '2.79', '2.99', 'HKI 2021-2022', '110120010'),
(2572, '2.71', '2.92', 'HKII 2021-2022', '110120010'),
(2573, '2.75', '2.88', 'HKI 2022-2023', '110120010'),
(2574, '3', '2.9', 'HKII 2022-2023', '110120010'),
(2575, '3.43', '2.98', 'HKI 2023-2024', '110120010'),
(2576, '3.25', '3.25', 'HKI 2020-2021', '110120014'),
(2577, '2.25', '2.75', 'HKII 2020-2021', '110120014'),
(2578, '2.72', '2.74', 'HKI 2021-2022', '110120014'),
(2579, '2.62', '2.7', 'HKII 2021-2022', '110120014'),
(2580, '2.74', '2.71', 'HKI 2022-2023', '110120014'),
(2581, '2.7', '2.71', 'HKII 2022-2023', '110120014'),
(2582, '2.64', '2.7', 'HKI 2023-2024', '110120014'),
(2583, '2.25', '2.25', 'HKI 2020-2021', '110120021'),
(2584, '2.19', '2.22', 'HKII 2020-2021', '110120021'),
(2585, '2.18', '2.21', 'HKI 2021-2022', '110120021'),
(2586, '2.76', '2.36', 'HKII 2021-2022', '110120021'),
(2587, '2.7', '2.43', 'HKI 2022-2023', '110120021'),
(2588, '2.5', '2.45', 'HKII 2022-2023', '110120021'),
(2589, '2.57', '2.47', 'HKI 2023-2024', '110120021'),
(2590, '3.21', '3.21', 'HKI 2020-2021', '110120026'),
(2591, '2.7', '2.95', 'HKII 2020-2021', '110120021'),
(2592, '2.32', '2.74', 'HKI 2021-2022', '110120021'),
(2593, '2.83', '2.77', 'HKII 2021-2022', '110120021'),
(2594, '2.8', '2.77', 'HKI 2022-2023', '110120021'),
(2595, '3.08', '2.82', 'HKII 2022-2023', '110120021'),
(2596, '3.21', '2.88', 'HKI 2023-2024', '110120021'),
(2597, '2.16', '2.16', 'HKI 2020-2021', '110120027'),
(2598, '2.5', '2.35', 'HKII 2020-2021', '110120027'),
(2599, '2.29', '2.33', 'HKI 2021-2022', '110120027'),
(2600, '2.26', '2.31', 'HKII 2021-2022', '110120027'),
(2601, '2.65', '2.38', 'HKI 2022-2023', '110120027'),
(2602, '2.2', '2.35', 'HKII 2022-2023', '110120027'),
(2603, '1.86', '2.27', 'HKI 2023-2024', '110120027'),
(2604, '2.24', '2.24', 'HKI 2020-2021', '110120029'),
(2605, '2.35', '2.29', 'HKII 2020-2021', '110120029'),
(2606, '2.03', '2.21', 'HKI 2021-2022', '110120029'),
(2607, '2.21', '2.21', 'HKII 2021-2022', '110120029'),
(2608, '2.65', '2.3', 'HKI 2022-2023', '110120029'),
(2609, '2.55', '2.34', 'HKII 2022-2023', '110120029'),
(2610, '2.64', '2.39', 'HKI 2023-2024', '110120029'),
(2611, '2.81', '2.81', 'HKI 2020-2021', '110120034'),
(2612, '2.6', '2.69', 'HKII 2020-2021', '110120034'),
(2613, '2.37', '2.58', 'HKI 2021-2022', '110120034'),
(2614, '2.38', '2.53', 'HKII 2021-2022', '110120034'),
(2615, '2.6', '2.54', 'HKI 2022-2023', '110120034'),
(2616, '2.75', '2.58', 'HKII 2022-2023', '110120034'),
(2617, '2.79', '2.61', 'HKI 2023-2024', '110120034'),
(2618, '1.78', '1.78', 'HKI 2020-2021', '110120047'),
(2619, '2.15', '1.99', 'HKII 2020-2021', '110120047'),
(2620, '2.18', '2.05', 'HKI 2021-2022', '110120047'),
(2621, '2.29', '2.12', 'HKII 2021-2022', '110120047'),
(2622, '2.5', '2.2', 'HKI 2022-2023', '110120047'),
(2623, '2.45', '2.24', 'HKII 2022-2023', '110120047'),
(2624, '2.43', '2.27', 'HKI 2023-2024', '110120047'),
(2625, '2.13', '2.13', 'HKI 2020-2021', '110120049'),
(2626, '2.2', '2.17', 'HKII 2020-2021', '110120049'),
(2627, '2.18', '2.17', 'HKI 2021-2022', '110120049'),
(2628, '2.05', '2.14', 'HKII 2021-2022', '110120049'),
(2629, '2.65', '2.24', 'HKI 2022-2023', '110120049'),
(2630, '2.4', '2.27', 'HKII 2022-2023', '110120049'),
(2631, '2.57', '2.31', 'HKI 2023-2024', '110120049'),
(2632, '2.66', '2.66', 'HKI 2020-2021', '110120051'),
(2633, '2.35', '2.49', 'HKII 2020-2021', '110120051'),
(2634, '2.5', '2.49', 'HKI 2021-2022', '110120051'),
(2635, '2.52', '2.5', 'HKII 2021-2022', '110120051'),
(2636, '2.93', '2.59', 'HKI 2022-2023', '110120051'),
(2637, '2.93', '2.65', 'HKII 2022-2023', '110120051'),
(2638, '3.29', '2.74', 'HKI 2023-2024', '110120051'),
(2639, '3.81', '3.81', 'HKI 2020-2021', '110120054'),
(2640, '3', '3.41', 'HKII 2020-2021', '110120054'),
(2641, '3.19', '3.33', 'HKI 2021-2022', '110120054'),
(2642, '3.31', '3.33', 'HKII 2021-2022', '110120054'),
(2643, '3.23', '3.3', 'HKI 2022-2023', '110120054'),
(2644, '3.35', '3.31', 'HKII 2022-2023', '110120054'),
(2645, '3.21', '3.3', 'HKI 2023-2024', '110120054'),
(2646, '2.97', '2.97', 'HKI 2020-2021', '110120060'),
(2647, '2.65', '2.81', 'HKII 2020-2021', '110120060'),
(2648, '2.34', '2.66', 'HKI 2021-2022', '110120060'),
(2649, '2.31', '3.56', 'HKII 2021-2022', '110120060'),
(2650, '2.88', '2.63', 'HKI 2022-2023', '110120060'),
(2651, '2.9', '2.67', 'HKII 2022-2023', '110120060'),
(2652, '3.14', '2.74', 'HKI 2023-2024', '110120060'),
(2653, '3.31', '3.31', 'HKI 2020-2021', '110120063'),
(2654, '2.5', '2.86', 'HKII 2020-2021', '110120063'),
(2655, '2.76', '2.83', 'HKI 2021-2022', '110120063'),
(2656, '2.6', '2.76', 'HKII 2021-2022', '110120063'),
(2657, '2.95', '2.79', 'HKI 2022-2023', '110120063'),
(2658, '2.95', '2.79', 'HKII 2022-2023', '110120063'),
(2659, '2.93', '2.81', 'HKI 2023-2024', '110120063'),
(2660, '1.89', '1.89', 'HKI 2020-2021', '110120067'),
(2661, '2.13', '2', 'HKII 2020-2021', '110120067'),
(2662, '2.15', '2.04', 'HKI 2021-2022', '110120067'),
(2663, '1.78', '1.97', 'HKII 2021-2022', '110120067'),
(2664, '2.15', '2.01', 'HKI 2022-2023', '110120067'),
(2665, '2.06', '2.02', 'HKII 2022-2023', '110120067'),
(2666, '2.43', '2.09', 'HKI 2023-2024', '110120067'),
(2667, '2.13', '2.13', 'HKI 2020-2021', '110120071'),
(2668, '2.38', '2.24', 'HKII 2020-2021', '110120071'),
(2669, '2.28', '2.25', 'HKI 2021-2022', '110120071'),
(2670, '1.97', '2.18', 'HKII 2021-2022', '110120071'),
(2671, '2.68', '2.29', 'HKI 2022-2023', '110120071'),
(2672, '2.17', '2.27', 'HKII 2022-2023', '110120071'),
(2673, '2.29', '2.27', 'HKI 2023-2024', '110120071'),
(2674, '3.59', '3.59', 'HKI 2020-2021', '110120077'),
(2675, '3.1', '3.32', 'HKII 2020-2021', '110120077'),
(2676, '3.42', '3.35', 'HKI 2021-2022', '110120077'),
(2677, '3.21', '3.32', 'HKII 2021-2022', '110120077'),
(2678, '3.28', '3.31', 'HKI 2022-2023', '110120077'),
(2679, '3.28', '3.3', 'HKII 2022-2023', '110120077'),
(2680, '3.36', '3.31', 'HKI 2023-2024', '110120077'),
(2681, '3.61', '3.61', 'HKI 2020-2021', '110120081'),
(2682, '3.05', '3.32', 'HKII 2020-2021', '110120081'),
(2683, '3.16', '3.27', 'HKI 2021-2022', '110120081'),
(2684, '3.07', '3.22', 'HKII 2021-2022', '110120081'),
(2685, '3.13', '3.2', 'HKI 2022-2023', '110120081'),
(2686, '3.35', '3.22', 'HKII 2022-2023', '110120081'),
(2687, '3.71', '3.3', 'HKI 2023-2024', '110120081'),
(2688, '2.32', '2.32', 'HKI 2020-2021', '110120082'),
(2689, '2.55', '2.44', 'HKII 2020-2021', '110120082'),
(2690, '1.63', '2.17', 'HKI 2021-2022', '110120082'),
(2691, '1.98', '2.12', 'HKII 2021-2022', '110120082'),
(2692, '2.38', '2.17', 'HKI 2022-2023', '110120082'),
(2693, '2.18', '2.17', 'HKII 2022-2023', '110120082'),
(2694, '1.79', '2.11', 'HKI 2023-2024', '110120082'),
(2695, '2.32', '2.32', 'HKI 2020-2021', '110120082'),
(2696, '2.55', '2.44', 'HKII 2020-2021', '110120082'),
(2697, '1.63', '2.17', 'HKI 2021-2022', '110120082'),
(2698, '1.98', '2.12', 'HKII 2021-2022', '110120082'),
(2699, '2.38', '2.17', 'HKI 2022-2023', '110120082'),
(2700, '2.18', '2.17', 'HKII 2022-2023', '110120082'),
(2701, '1.79', '2.11', 'HKI 2023-2024', '110120082'),
(2702, '2.34', '2.34', 'HKI 2020-2021', '110120083'),
(2703, '2.65', '2.5', 'HKII 2020-2021', '110120083'),
(2704, '2.45', '2.48', 'HKI 2021-2022', '110120083'),
(2705, '2.45', '2.47', 'HKII 2021-2022', '110120083'),
(2706, '2.68', '2.52', 'HKI 2022-2023', '110120083'),
(2707, '2.78', '2.56', 'HKII 2022-2023', '110120083'),
(2708, '2.86', '2.6', 'HKI 2023-2024', '110120083'),
(2709, '3.34', '3.34', 'HKI 2020-2021', '110120084'),
(2710, '2.9', '3.12', 'HKII 2020-2021', '110120084'),
(2711, '2.66', '2.97', 'HKI 2021-2022', '110120084'),
(2712, '2.74', '2.91', 'HKII 2021-2022', '110120084'),
(2713, '3.1', '2.94', 'HKI 2022-2023', '110120084'),
(2714, '2.78', '2.92', 'HKII 2022-2023', '110120084'),
(2715, '3.29', '2.97', 'HKI 2023-2024', '110120084'),
(2716, '3', '3', 'HKI 2020-2021', '110120128'),
(2717, '2.56', '2.78', 'HKII 2020-2021', '110120128'),
(2718, '2.16', '2.55', 'HKI 2021-2022', '110120128'),
(2719, '2.4', '2.51', 'HKII 2021-2022', '110120128'),
(2720, '2.58', '2.52', 'HKI 2022-2023', '110120128'),
(2721, '2.85', '2.58', 'HKII 2022-2023', '110120128'),
(2722, '2.5', '2.57', 'HKI 2023-2024', '110120128'),
(2723, '2.18', '2.18', 'HKI 2020-2021', '110120166'),
(2724, '2.55', '2.37', 'HKII 2020-2021', '110120166'),
(2725, '2.61', '2.45', 'HKI 2021-2022', '110120166'),
(2726, '2.19', '2.38', 'HKII 2021-2022', '110120166'),
(2727, '3.23', '2.55', 'HKI 2022-2023', '110120166'),
(2728, '2.93', '2.61', 'HKII 2022-2023', '110120166'),
(2729, '3.5', '2.75', 'HKI 2023-2024', '110120166'),
(2730, '2.5', '2.5', 'HKI 2020-2021', '110120167'),
(2731, '2.2', '2.33', 'HKII 2020-2021', '110120167'),
(2732, '1.97', '2.21', 'HKI 2021-2022', '110120167'),
(2733, '2.1', '2.18', 'HKII 2021-2022', '110120167'),
(2734, '2.43', '2.23', 'HKI 2022-2023', '110120167'),
(2735, '2.2', '2.22', 'HKII 2022-2023', '110120167'),
(2736, '2.43', '2.26', 'HKI 2023-2024', '110120167'),
(2737, '1.95', '1.95', 'HKI 2020-2021', '110120170'),
(2738, '2', '1.97', 'HKII 2020-2021', '110120170'),
(2739, '1.53', '1.83', 'HKI 2021-2022', '110120170'),
(2740, '1.78', '1.82', 'HKII 2021-2022', '110120170'),
(2741, '2.18', '1.9', 'HKI 2022-2023', '110120170'),
(2742, '1.9', '1.9', 'HKII 2022-2023', '110120170'),
(2743, '1.79', '1.88', 'HKI 2023-2024', '110120170'),
(2744, '2.34', '2.34', 'HKI 2020-2021', '110120164'),
(2746, '1.79', '1.79', 'HKI 2020-2021', '110120016'),
(2747, '2.34', '2.34', 'HKII 2020-2021', '110120016'),
(2748, '3.66', '3.66', 'HKI 2020-2021', '110120019'),
(2749, '2.34', '2.34', 'HKII 2020-2021', '110120019'),
(2750, '2.34', '2.34', 'HKI 2020-2021', '110120044'),
(2751, '2.34', '2.34', 'HKII 2020-2021', '110120044'),
(2752, '2.34', '2.34', 'HKI 2020-2021', '110120046'),
(2753, '2.34', '2.34', 'HKII 2020-2021', '110120046'),
(2754, '2.34', '2.34', 'HKI 2020-2021', '110120055'),
(2755, '2.34', '2.34', 'HKII 2020-2021', '110120055'),
(2756, '2.34', '2.34', 'HKI 2020-2021', '110120059'),
(2757, '2.34', '2.34', 'HKII 2020-2021', '110120059'),
(2758, '2.34', '2.34', 'HKI 2020-2021', '110120070'),
(2759, '2.34', '2.34', 'HKII 2020-2021', '110120070'),
(2760, '2.34', '2.34', 'HKI 2020-2021', '110120078'),
(2761, '2.34', '2.34', 'HKII 2020-2021', '110120078'),
(2762, '2.34', '2.34', 'HKI 2020-2021', '110120085'),
(2763, '2.34', '2.34', 'HKII 2020-2021', '110120085'),
(2764, '2.34', '2.34', 'HKI 2020-2021', '110120087'),
(2765, '2.34', '2.34', 'HKII 2020-2021', '110120087'),
(2766, '2.34', '2.34', 'HKI 2020-2021', '110120090'),
(2767, '2.34', '2.34', 'HKII 2020-2021', '110120090'),
(2768, '2.34', '2.34', 'HKI 2020-2021', '110120091'),
(2769, '2.34', '2.34', 'HKII 2020-2021', '110120091'),
(2770, '2.34', '2.34', 'HKI 2020-2021', '110120092'),
(2771, '2.34', '2.34', 'HKII 2020-2021', '110120092'),
(2772, '2.34', '2.34', 'HKI 2020-2021', '110120095'),
(2773, '2.34', '2.34', 'HKII 2020-2021', '110120095'),
(2774, '2.34', '2.34', 'HKI 2020-2021', '110120098'),
(2775, '2.34', '2.34', 'HKII 2020-2021', '110120098'),
(2776, '2.34', '2.34', 'HKI 2020-2021', '110120101'),
(2777, '2.34', '2.34', 'HKII 2020-2021', '110120101'),
(2778, '2.34', '2.34', 'HKI 2020-2021', '110120104'),
(2779, '2.34', '2.34', 'HKII 2020-2021', '110120104'),
(2780, '2.34', '2.34', 'HKI 2020-2021', '110120107'),
(2781, '2.34', '2.34', 'HKII 2020-2021', '110120107'),
(2782, '2.34', '2.34', 'HKI 2020-2021', '110120109'),
(2783, '2.34', '2.34', 'HKII 2020-2021', '110120109'),
(2784, '2.34', '2.34', 'HKI 2020-2021', '110120112'),
(2785, '2.34', '2.34', 'HKII 2020-2021', '110120112'),
(2786, '2.34', '2.34', 'HKI 2020-2021', '110120116'),
(2787, '2.34', '2.34', 'HKII 2020-2021', '110120116');

-- --------------------------------------------------------

--
-- Cấu trúc bảng cho bảng `bo_mon`
--

CREATE TABLE `bo_mon` (
  `Ma_bo_mon` varchar(100) NOT NULL,
  `Ten_bo_mon` varchar(100) NOT NULL,
  `Ma_khoa` varchar(100) NOT NULL
) ENGINE=InnoDB DEFAULT CHARSET=utf8mb4 COLLATE=utf8mb4_general_ci;

--
-- Đang đổ dữ liệu cho bảng `bo_mon`
--

INSERT INTO `bo_mon` (`Ma_bo_mon`, `Ten_bo_mon`, `Ma_khoa`) VALUES
('CNTT', 'Bộ môn Công nghệ thông tin', 'KTCN');

-- --------------------------------------------------------

--
-- Cấu trúc bảng cho bảng `chi_tiet_bang_diem`
--

CREATE TABLE `chi_tiet_bang_diem` (
  `Ma_CTBD` int(11) NOT NULL,
  `Diem_he_4` varchar(100) NOT NULL,
  `Diem_he_10` varchar(100) NOT NULL,
  `Diem_he_10_lan_2` varchar(100) NOT NULL,
  `Ma_bang_diem` int(11) NOT NULL,
  `Ma_mon_hoc` varchar(100) NOT NULL
) ENGINE=InnoDB DEFAULT CHARSET=utf8mb4 COLLATE=utf8mb4_general_ci;

--
-- Đang đổ dữ liệu cho bảng `chi_tiet_bang_diem`
--

INSERT INTO `chi_tiet_bang_diem` (`Ma_CTBD`, `Diem_he_4`, `Diem_he_10`, `Diem_he_10_lan_2`, `Ma_bang_diem`, `Ma_mon_hoc`) VALUES
(19261, '4', '9.5', 'Null', 2541, '110001'),
(19262, '4', '9.7', 'Null', 2541, '110042'),
(19263, '4', '9.4', 'Null', 2541, '180050'),
(19264, '3.5', '8.4', 'Null', 2541, '190081'),
(19265, '3.5', '8.8', 'Null', 2541, '190082'),
(19266, '3.5', '8.5', 'Null', 2541, '190083'),
(19267, '3', '7.4', 'Null', 2541, '190084'),
(19268, '3', '7.8', 'Null', 2541, '191'),
(19269, '4', '9.3', 'Null', 2541, '220092'),
(19270, '4', '10', 'Null', 2541, '220228'),
(19271, '3.5', '8', 'Null', 2541, '450015'),
(19272, '4', '9.5', 'Null', 2542, '110003'),
(19273, '3.5', '8.3', 'Null', 2542, '170011'),
(19274, '3', '7.5', 'Null', 2542, '180051'),
(19275, '4', '9.5', 'Null', 2542, '220233'),
(19276, '3.5', '8.9', 'Null', 2542, '220234'),
(19277, '2', '6.2', 'Null', 2542, '290000'),
(19278, '3.5', '8.6', 'Null', 2542, '640033'),
(19279, '3.5', '8.2', 'Null', 2543, '110002'),
(19280, '3.5', '8.7', 'Null', 2543, '110079'),
(19281, '3', '7.4', 'Null', 2543, '180052'),
(19282, '4', '9.5', 'Null', 2543, '220096'),
(19283, '3.5', '8.2', 'Null', 2543, '220099'),
(19284, '3.5', '8.8', 'Null', 2543, '220100'),
(19285, '4', '9.3', 'Null', 2543, '410293'),
(19286, '3', '7.3', 'Null', 2544, '110057'),
(19287, '3.5', '8.7', 'Null', 2544, '180001'),
(19288, '3', '7.2', 'Null', 2544, '220018'),
(19289, '3.5', '8', 'Null', 2544, '220101'),
(19290, '3.5', '8.9', 'Null', 2544, '220236'),
(19291, '3.5', '8.2', 'Null', 2544, '220237'),
(19292, '4', '9.8', 'Null', 2544, '220250'),
(19293, '3.5', '8.8', 'Null', 2544, '410294'),
(19294, '3', '7.9', 'Null', 2545, '180053'),
(19295, '3.5', '8.6', 'Null', 2545, '220034'),
(19296, '2.5', '6.9', 'Null', 2545, '220086'),
(19297, '3', '7.9', 'Null', 2545, '220239'),
(19298, '4', '9.6', 'Null', 2545, '220265'),
(19299, '2.5', '6.8', 'Null', 2545, '220267'),
(19300, '4', '9.2', 'Null', 2545, '320045'),
(19301, '3.5', '8.3', 'Null', 2546, '220055'),
(19302, '3.5', '8.9', 'Null', 2546, '220060'),
(19303, '4', '9.3', 'Null', 2546, '220071'),
(19304, '4', '9', 'Null', 2546, '220109'),
(19305, '3', '7.2', 'Null', 2546, '220126'),
(19306, '3', '7.9', 'Null', 2546, '220242'),
(19307, '3.5', '8', 'Null', 2546, '420000'),
(19308, '4', '9.3', 'Null', 2547, '220057'),
(19309, '3.5', '8.4', 'Null', 2547, '220064'),
(19310, '3.5', '8.8', 'Null', 2547, '220078'),
(19311, '2.5', '6.7', 'Null', 2547, '220120'),
(19312, '3', '7.8', 'Null', 2547, '220243'),
(19313, '3.5', '8.8', 'Null', 2547, '220266'),
(19314, '4', '9.1', 'Null', 2547, '220268'),
(19315, '3', '7.6', 'Null', 2548, '110001'),
(19316, '2', '5.8', 'Null', 2548, '110042'),
(19317, '2.5', '6.5', 'Null', 2548, '180050'),
(19318, '3', '7.3', 'Null', 2548, '190081'),
(19319, '3', '7.7', 'Null', 2548, '190082'),
(19320, '2', '6.3', 'Null', 2548, '190083'),
(19321, '2', '6.2', 'Null', 2548, '190084'),
(19322, '4', '9.5', 'Null', 2548, '191'),
(19323, '3.5', '8.9', 'Null', 2548, '220092'),
(19324, '1.5', '5.3', 'Null', 2548, '220228'),
(19325, '1.5', '5.1', 'Null', 2548, '410291'),
(19326, '3.5', '8', 'Null', 2548, '450015'),
(19327, '2', '6.4', 'Null', 2549, '110003'),
(19328, '3', '7.1', 'Null', 2549, '170011'),
(19329, '3', '7.3', 'Null', 2549, '180051'),
(19330, '3.5', '8.5', 'Null', 2549, '220233'),
(19331, '2', '5.5', 'Null', 2549, '220234'),
(19332, '2', '5.8', 'Null', 2549, '290000'),
(19333, '2', '6.2', 'Null', 2549, '410292'),
(19334, '3', '7.4', 'Null', 2549, '640033'),
(19335, '3.5', '8.5', 'Null', 2550, '110002'),
(19336, '2', '5.8', 'Null', 2550, '110079'),
(19337, '2.5', '6.7', 'Null', 2550, '180052'),
(19338, '3', '7.7', 'Null', 2550, '220096'),
(19339, '1', '4.8', 'Null', 2550, '220099'),
(19340, '2', '5.9', 'Null', 2550, '220100'),
(19341, '3.5', '8.6', 'Null', 2550, '410293'),
(19342, '1', '4.9', 'Null', 2551, '110057'),
(19343, '2.5', '6.8', 'Null', 2551, '180001'),
(19344, '2', '6.3', 'Null', 2551, '220018'),
(19345, '2.5', '6.7', 'Null', 2551, '220101'),
(19346, '1', '4.7', 'Null', 2551, '220236'),
(19347, '2', '5.8', 'Null', 2551, '220237'),
(19348, '2.5', '6.9', 'Null', 2551, '220250'),
(19349, '2', '5.7', 'Null', 2551, '410294'),
(19350, '3', '7.2', 'Null', 2552, '180053'),
(19351, '3', '7.9', 'Null', 2552, '220034'),
(19352, '2', '5.6', 'Null', 2552, '220086'),
(19353, '2', '5.8', 'Null', 2552, '220239'),
(19354, '3', '7', 'Null', 2552, '220265'),
(19355, '1.5', '5.4', 'Null', 2552, '220267'),
(19356, '1', '4.9', 'Null', 2552, '320045'),
(19357, '2.5', '6.6', 'Null', 2553, '220055'),
(19358, '3.5', '8.1', 'Null', 2553, '220060'),
(19359, '3', '7.2', 'Null', 2553, '220071'),
(19360, '3.5', '8.2', 'Null', 2553, '220109'),
(19361, '2.5', '6.9', 'Null', 2553, '220126'),
(19362, '1.5', '5.4', 'Null', 2553, '220242'),
(19363, '3', '7.7', 'Null', 2553, '420000'),
(19364, '2.5', '6.8', 'Null', 2554, '220057'),
(19365, '2', '6.2', 'Null', 2554, '220064'),
(19366, '3', '7', 'Null', 2554, '220078'),
(19367, '1', '4.7', 'Null', 2554, '220120'),
(19368, '2.5', '6.8', 'Null', 2554, '220243'),
(19369, '2.5', '6.9', 'Null', 2554, '220268'),
(19370, '2', '5.8', 'Null', 2555, '110001'),
(19371, '2', '5.5', 'Null', 2555, '110042'),
(19372, '1', '4.9', 'Null', 2555, '180050'),
(19373, '2.5', '6.5', 'Null', 2555, '190081'),
(19374, '3.5', '8', 'Null', 2555, '190082'),
(19375, '2', '6.3', 'Null', 2555, '190083'),
(19376, '2', '6', 'Null', 2555, '190084'),
(19377, '4', '9', 'Null', 2555, '191'),
(19378, '4', '9.2', 'Null', 2555, '220092'),
(19379, '0', '3.4', 'Null', 2555, '220228'),
(19380, '1.5', '5.1', 'Null', 2555, '410291'),
(19381, '3', '7.3', 'Null', 2555, '450015'),
(19382, '1', '4', 'Null', 2556, '110003'),
(19383, '3', '7.2', 'Null', 2556, '170011'),
(19384, '3', '7.5', 'Null', 2556, '220233'),
(19385, '1.5', '5.3', 'Null', 2556, '410292'),
(19386, '3', '7.5', 'Null', 2556, '640033'),
(19387, '3', '7.1', 'Null', 2557, '110002'),
(19388, '2', '5.9', 'Null', 2557, '180052'),
(19389, '3', '7.1', 'Null', 2557, '220096'),
(19390, '2', '5.5', 'Null', 2557, '410293'),
(19391, '2', '6.2', 'Null', 2558, '180001'),
(19392, '2', '5.7', 'Null', 2558, '220018'),
(19393, '1', '4.5', 'Null', 2558, '220101'),
(19394, '1', '4.7', 'Null', 2558, '220237'),
(19395, '1', '4.9', 'Null', 2558, '220250'),
(19396, '3', '7.4', 'Null', 2559, '180051'),
(19397, '2', '5.5', 'Null', 2559, '180053'),
(19398, '3', '7.7', 'Null', 2559, '220034'),
(19399, '1.5', '5', 'Null', 2559, '220086'),
(19400, '2', '5.5', 'Null', 2559, '220239'),
(19401, '2.5', '6.9', 'Null', 2559, '220265'),
(19402, '1.5', '5.2', 'Null', 2559, '220267'),
(19403, '3.5', '8.1', 'Null', 2559, '290000'),
(19404, '1.5', '5', 'Null', 2559, '320045'),
(19405, '2', '6', 'Null', 2560, '110057'),
(19406, '2', '6.3', 'Null', 2560, '220055'),
(19407, '1', '4.2', 'Null', 2560, '220060'),
(19408, '2', '6', 'Null', 2560, '220071'),
(19409, '2', '2.3', 'Null', 2560, '220099'),
(19410, '2', '2.4', 'Null', 2560, '220100'),
(19411, '3', '7.9', 'Null', 2560, '220109'),
(19412, '2.5', '6.6', 'Null', 2560, '220126'),
(19413, '2.5', '6.5', 'Null', 2560, '220234'),
(19414, '2', '1.8', 'Null', 2560, '220236'),
(19415, '2', '5.6', 'Null', 2560, '220242'),
(19416, '1.5', '3', 'Null', 2560, '410294'),
(19417, '2.5', '6.6', 'Null', 2560, '420000'),
(19418, '1', '4.2', 'Null', 2561, '110079'),
(19419, '3', '7.1', 'Null', 2561, '220057'),
(19420, '2', '5.7', 'Null', 2561, '220064'),
(19421, '3', '7.2', 'Null', 2561, '220078'),
(19422, '1.5', '5.2', 'Null', 2561, '220120'),
(19423, '2', '6.2', 'Null', 2561, '220243'),
(19424, '3.5', '8.8', 'Null', 2561, '220266'),
(19425, '3', '7.1', 'Null', 2561, '220268'),
(19426, '4', '9.7', 'Null', 2562, '110001'),
(19427, '3.5', '8.1', 'Null', 2562, '110042'),
(19428, '3.5', '8.6', 'Null', 2562, '180050'),
(19429, '3.5', '8.5', 'Null', 2562, '190081'),
(19430, '3.5', '8.7', 'Null', 2562, '190082'),
(19431, '3.5', '8.5', 'Null', 2562, '190083'),
(19432, '3.5', '8', 'Null', 2562, '190084'),
(19433, '3.5', '8.4', 'Null', 2562, '191'),
(19434, '4', '9.2', 'Null', 2562, '220092'),
(19435, '4', '9.8', 'Null', 2562, '220228'),
(19436, '3', '7.5', 'Null', 2562, '450015'),
(19437, '4', '9.1', 'Null', 2563, '110003'),
(19438, '3.5', '8', 'Null', 2563, '170011'),
(19439, '3.5', '8', 'Null', 2563, '180051'),
(19440, '4', '9.9', 'Null', 2563, '220233'),
(19441, '2', '6.3', 'Null', 2563, '220234'),
(19442, '2', '5.9', 'Null', 2563, '290000'),
(19443, '3.5', '8.8', 'Null', 2563, '410292'),
(19444, '3.5', '8', 'Null', 2563, '640033'),
(19445, '3.5', '8.2', 'Null', 2564, '110002'),
(19446, '3', '7.6', 'Null', 2564, '110079'),
(19447, '3', '7.2', 'Null', 2564, '180052'),
(19448, '4', '9', 'Null', 2564, '220096'),
(19449, '3', '7.3', 'Null', 2564, '220099'),
(19450, '3', '7.8', 'Null', 2564, '220100'),
(19451, '3.5', '8.6', 'Null', 2564, '410293'),
(19452, '4', '9.2', 'Null', 2565, '110057'),
(19453, '3.5', '8.2', 'Null', 2565, '180001'),
(19454, '2.5', '6.8', 'Null', 2565, '220018'),
(19455, '2', '6', 'Null', 2565, '220101'),
(19456, '3.5', '8.9', 'Null', 2565, '220236'),
(19457, '4', '9', 'Null', 2565, '220237'),
(19458, '4', '9.1', 'Null', 2565, '220250'),
(19459, '2.5', '6.7', 'Null', 2565, '410294'),
(19460, '3', '7.6', 'Null', 2566, '180053'),
(19461, '3', '7.5', 'Null', 2566, '220034'),
(19462, '3.5', '8.3', 'Null', 2566, '220086'),
(19463, '3.5', '8.6', 'Null', 2566, '220239'),
(19464, '4', '9.5', 'Null', 2566, '220265'),
(19465, '2', '6.2', 'Null', 2566, '220267'),
(19466, '4', '9.3', 'Null', 2566, '320045'),
(19467, '3.5', '8', 'Null', 2567, '220055'),
(19468, '4', '9.4', 'Null', 2567, '220060'),
(19469, '4', '9.4', 'Null', 2567, '220071'),
(19470, '3.5', '8.9', 'Null', 2567, '220109'),
(19471, '2', '5.9', 'Null', 2567, '220126'),
(19472, '3', '7', 'Null', 2567, '220242'),
(19473, '4', '9', 'Null', 2567, '420000'),
(19474, '4', '9.2', 'Null', 2568, '220057'),
(19475, '3.5', '8.8', 'Null', 2568, '220064'),
(19476, '3.5', '8.7', 'Null', 2568, '220078'),
(19477, '3.5', '8.7', 'Null', 2568, '220120'),
(19478, '4', '9', 'Null', 2568, '220243'),
(19479, '4', '9.5', 'Null', 2568, '220266'),
(19480, '4', '9.2', 'Null', 2568, '220268'),
(19481, '4', '9', 'Null', 2569, '110001'),
(19482, '3', '7.8', 'Null', 2569, '110042'),
(19483, '4', '9.1', 'Null', 2569, '180050'),
(19484, '3', '7.8', 'Null', 2569, '190081'),
(19485, '3.5', '8.5', 'Null', 2569, '190082'),
(19486, '3', '7.5', 'Null', 2569, '190083'),
(19487, '3', '7.5', 'Null', 2569, '190084'),
(19488, '3.5', '8.4', 'Null', 2569, '191'),
(19489, '4', '9.1', 'Null', 2569, '220092'),
(19490, '4', '9.7', 'Null', 2569, '220228'),
(19491, '2.5', '6.5', 'Null', 2569, '410291'),
(19492, '2.5', '6.5', 'Null', 2569, '450015'),
(19493, '2', '5.9', 'Null', 2570, '110003'),
(19494, '3.5', '8.3', 'Null', 2570, '170011'),
(19495, '3.5', '8', 'Null', 2570, '180051'),
(19496, '4', '9.1', 'Null', 2570, '220233'),
(19497, '2.5', '6.8', 'Null', 2570, '220234'),
(19498, '1.5', '5', 'Null', 2570, '290000'),
(19499, '2.5', '6.9', 'Null', 2570, '410292'),
(19500, '3', '7.7', 'Null', 2570, '640033'),
(19501, '3', '7.7', 'Null', 2571, '110002'),
(19502, '2', '5.7', 'Null', 2571, '110079'),
(19503, '2.5', '6.7', 'Null', 2571, '180052'),
(19504, '4', '9', 'Null', 2571, '220096'),
(19505, '3', '7.7', 'Null', 2571, '220099'),
(19506, '2', '5.7', 'Null', 2571, '220100'),
(19507, '3', '7.4', 'Null', 2571, '410293'),
(19508, '3', '7.4', 'Null', 2572, '110057'),
(19509, '3', '7.9', 'Null', 2572, '180001'),
(19510, '2.5', '6.6', 'Null', 2572, '220018'),
(19511, '2', '6.2', 'Null', 2572, '220101'),
(19512, '2.5', '6.5', 'Null', 2572, '220236'),
(19513, '3', '7.6', 'Null', 2572, '220237'),
(19514, '3', '7.7', 'Null', 2572, '220250'),
(19515, '3', '7.6', 'Null', 2572, '410294'),
(19516, '2', '6.4', 'Null', 2573, '180053'),
(19517, '3.5', '8', 'Null', 2573, '220034'),
(19518, '2.5', '6.6', 'Null', 2573, '220086'),
(19519, '3', '7.8', 'Null', 2573, '220239'),
(19520, '3', '7.6', 'Null', 2573, '220265'),
(19521, '2', '5.9', 'Null', 2573, '220267'),
(19522, '3', '7.3', 'Null', 2573, '320045'),
(19523, '3.5', '8.4', 'Null', 2574, '220055'),
(19524, '3.5', '8.3', 'Null', 2574, '220060'),
(19525, '3.5', '8.2', 'Null', 2574, '220071'),
(19526, '3', '7.8', 'Null', 2574, '220109'),
(19527, '2', '6', 'Null', 2574, '220126'),
(19528, '2.5', '6.7', 'Null', 2574, '220242'),
(19529, '3', '7.3', 'Null', 2574, '420000'),
(19530, '3', '7.5', 'Null', 2575, '220057'),
(19531, '3.5', '8.3', 'Null', 2575, '220064'),
(19532, '3.5', '8.8', 'Null', 2575, '220078'),
(19533, '3', '7.3', 'Null', 2575, '220120'),
(19534, '3.5', '8.5', 'Null', 2575, '220243'),
(19535, '4', '9', 'Null', 2575, '220266'),
(19536, '3.5', '8.6', 'Null', 2575, '220268'),
(19537, '3', '7.8', 'Null', 2576, '110001'),
(19538, '2.5', '6.6', 'Null', 2576, '110042'),
(19539, '2.5', '6.6', 'Null', 2576, '180050'),
(19540, '3', '7.4', 'Null', 2576, '190081'),
(19541, '3', '7.7', 'Null', 2576, '190082'),
(19542, '3', '7', 'Null', 2576, '190083'),
(19543, '3', '7', 'Null', 2576, '190084'),
(19544, '3', '7.5', 'Null', 2576, '191'),
(19545, '4', '9', 'Null', 2576, '220092'),
(19546, '4', '9.3', 'Null', 2576, '220228'),
(19547, '3.5', '8', 'Null', 2576, '450015'),
(19548, '1.5', '5.4', 'Null', 2577, '110003'),
(19549, '2.5', '6.6', 'Null', 2577, '170011'),
(19550, '3', '7.5', 'Null', 2577, '180051'),
(19551, '2', '6.4', 'Null', 2577, '220233'),
(19552, '3', '7.4', 'Null', 2577, '220234'),
(19553, '1', '4.9', 'Null', 2577, '290000'),
(19554, '2', '6.2', 'Null', 2577, '640033'),
(19555, '3.5', '8.2', 'Null', 2578, '110002'),
(19556, '2.5', '6.6', 'Null', 2578, '110079'),
(19557, '3.5', '8.8', 'Null', 2578, '180052'),
(19558, '3.5', '8.4', 'Null', 2578, '220096'),
(19559, '2', '6', 'Null', 2578, '220099'),
(19560, '1', '4.9', 'Null', 2578, '220100'),
(19561, '4', '9', 'Null', 2578, '410293'),
(19562, '1.5', '5', 'Null', 2579, '110057'),
(19563, '3', '7.5', 'Null', 2579, '180001'),
(19564, '2.5', '6.9', 'Null', 2579, '220018'),
(19565, '1.5', '5.2', 'Null', 2579, '220101'),
(19566, '2.5', '6.7', 'Null', 2579, '220236'),
(19567, '2', '6.3', 'Null', 2579, '220237'),
(19568, '3.5', '8.4', 'Null', 2579, '220250'),
(19569, '4', '9', 'Null', 2579, '410294'),
(19570, '2.5', '6.9', 'Null', 2580, '110079'),
(19571, '3.0', '7.3', 'Null', 2580, '180053'),
(19572, '3.5', '8.2', 'Null', 2580, '220034'),
(19573, '2.0', '5.6', 'Null', 2580, '220086'),
(19574, '3.0', '7.8', 'Null', 2580, '220239'),
(19575, '3.5', '8.6', 'Null', 2580, '220265'),
(19576, '2.0', '6.3', 'Null', 2580, '220267'),
(19577, '2.5', '6.7', 'Null', 2580, '320045'),
(19578, '3', '7', 'Null', 2581, '220055'),
(19579, '3', '7.7', 'Null', 2581, '220060'),
(19580, '3.5', '8.6', 'Null', 2581, '220071'),
(19581, '3', '7.8', 'Null', 2581, '220109'),
(19582, '1', '4.2', 'Null', 2581, '220126'),
(19583, '2.5', '6.5', 'Null', 2581, '220242'),
(19584, '3', '7.7', 'Null', 2581, '420000'),
(19585, '1.5', '5.3', 'Null', 2582, '220057'),
(19586, '3', '7.1', 'Null', 2582, '220064'),
(19587, '3', '7.8', 'Null', 2582, '220078'),
(19588, '2', '5.7', 'Null', 2582, '220120'),
(19589, '3', '7.4', 'Null', 2582, '220243'),
(19590, '3', '7.8', 'Null', 2582, '220266'),
(19591, '3', '7.8', 'Null', 2582, '220268'),
(19592, '1.5', '5.2', 'Null', 2583, '110001'),
(19593, '2', '3.9', 'Null', 2583, '110042'),
(19594, '3', '7.3', 'Null', 2583, '180050'),
(19595, '3', '7.9', 'Null', 2583, '190081'),
(19596, '3.5', '8', 'Null', 2583, '190082'),
(19597, '3', '7.3', 'Null', 2583, '190083'),
(19598, '3', '7.2', 'Null', 2583, '190084'),
(19599, '2', '6.4', 'Null', 2583, '191'),
(19600, '3.5', '8.5', 'Null', 2583, '220092'),
(19601, '1.5', '5.4', 'Null', 2583, '220228'),
(19602, '2.5', '6.8', 'Null', 2583, '450015'),
(19603, '1', '4.1', 'Null', 2584, '110003'),
(19604, '3', '7', 'Null', 2584, '170011'),
(19605, '3', '7.8', 'Null', 2584, '180051'),
(19606, '3', '7.5', 'Null', 2584, '220233'),
(19607, '2', '5.7', 'Null', 2584, '220234'),
(19608, '1.5', '5.3', 'Null', 2584, '290000'),
(19609, '2', '5.8', 'Null', 2584, '640033'),
(19610, '3', '7.4', 'Null', 2585, '110002'),
(19611, '1', '4.9', 'Null', 2585, '110079'),
(19612, '2', '6.1', 'Null', 2585, '180052'),
(19613, '3.5', '8.3', 'Null', 2585, '220096'),
(19614, '1', '4.5', 'Null', 2585, '220099'),
(19615, '1', '4.8', 'Null', 2585, '220100'),
(19616, '4', '9.1', 'Null', 2585, '410293'),
(19617, '3', '7.7', 'Null', 2586, '110057'),
(19618, '2.5', '6.8', 'Null', 2586, '220018'),
(19619, '2', '6.3', 'Null', 2586, '220101'),
(19620, '2.5', '6.7', 'Null', 2586, '220236'),
(19621, '3', '7.2', 'Null', 2586, '220237'),
(19622, '3', '7.3', 'Null', 2586, '220250'),
(19623, '3.5', '8.3', 'Null', 2586, '410294'),
(19624, '3', '7.4', 'Null', 2587, '180053'),
(19625, '3', '7.7', 'Null', 2587, '220034'),
(19626, '2', '6.4', 'Null', 2587, '220086'),
(19627, '3', '7.7', 'Null', 2587, '220239'),
(19628, '3', '7', 'Null', 2587, '220265'),
(19629, '2', '6.4', 'Null', 2587, '220267'),
(19630, '3', '7.7', 'Null', 2587, '320045'),
(19631, '3.5', '3.5', 'Null', 2588, '110057'),
(19632, '3', '7', 'Null', 2588, '220055'),
(19633, '3', '7.4', 'Null', 2588, '220060'),
(19634, '3', '7.5', 'Null', 2588, '220071'),
(19635, '2.5', '6.9', 'Null', 2588, '220109'),
(19636, '1.5', '5.4', 'Null', 2588, '220126'),
(19637, '1', '4.4', 'Null', 2588, '220242'),
(19638, '3', '7.9', 'Null', 2588, '420000'),
(19639, '1.5', '5.4', 'Null', 2589, '220057'),
(19640, '3', '7.1', 'Null', 2589, '220064'),
(19641, '3', '7.4', 'Null', 2589, '220078'),
(19642, '1.5', '5.3', 'Null', 2589, '220120'),
(19643, '3', '7.6', 'Null', 2589, '220243'),
(19644, '3', '7.5', 'Null', 2589, '220266'),
(19645, '3', '7.9', 'Null', 2589, '220268'),
(19646, '3', '7.8', 'Null', 2590, '110001'),
(19647, '3', '7.9', 'Null', 2590, '110042'),
(19648, '3.5', '8.6', 'Null', 2590, '180050'),
(19649, '3.5', '8.8', 'Null', 2590, '190081'),
(19650, '3', '7.9', 'Null', 2590, '190082'),
(19651, '2.5', '6.5', 'Null', 2590, '190083'),
(19652, '2.5', '6.8', 'Null', 2590, '190084'),
(19653, '3.5', '8.5', 'Null', 2590, '191'),
(19654, '4', '9', 'Null', 2590, '220092'),
(19655, '3.5', '8.1', 'Null', 2590, '220228'),
(19656, '2.5', '6.6', 'Null', 2590, '410291'),
(19657, '3', '7.8', 'Null', 2590, '450015'),
(19658, '2', '5.9', 'Null', 2591, '110003'),
(19659, '3.5', '8.7', 'Null', 2591, '170011'),
(19660, '3.5', '8.5', 'Null', 2591, '180051'),
(19661, '4', '9.9', 'Null', 2591, '220233'),
(19662, '2', '6.2', 'Null', 2591, '220234'),
(19663, '1.5', '5.2', 'Null', 2591, '290000'),
(19664, '3', '7.2', 'Null', 2591, '410292'),
(19665, '2.5', '6.7', 'Null', 2591, '640033'),
(19666, '3.5', '8', 'Null', 2592, '110002'),
(19667, '1.5', '5.3', 'Null', 2592, '110079'),
(19668, '2', '6.1', 'Null', 2592, '180052'),
(19669, '4', '9.6', 'Null', 2592, '220096'),
(19670, '1', '4.7', 'Null', 2592, '220099'),
(19671, '1.5', '5.4', 'Null', 2592, '220100'),
(19672, '3', '7.4', 'Null', 2592, '410293'),
(19673, '3', '7', 'Null', 2593, '110057'),
(19674, '3.5', '8', 'Null', 2593, '220018'),
(19675, '2', '6.2', 'Null', 2593, '220018'),
(19676, '3', '7', 'Null', 2593, '220101'),
(19677, '3', '7.8', 'Null', 2593, '220236'),
(19678, '3', '7', 'Null', 2593, '220237'),
(19679, '3.5', '8.7', 'Null', 2593, '220250'),
(19680, '2', '5.8', 'Null', 2593, '410294'),
(19681, '2.5', '6.7', 'Null', 2594, '180053'),
(19682, '3', '7.9', 'Null', 2594, '220034'),
(19683, '3.5', '8', 'Null', 2594, '220086'),
(19684, '3', '7.9', 'Null', 2594, '220239'),
(19685, '3.5', '8.9', 'Null', 2594, '220265'),
(19686, '2', '6.3', 'Null', 2594, '220267'),
(19687, '2', '5.8', 'Null', 2594, '320045'),
(19688, '3', '7.5', 'Null', 2595, '220055'),
(19689, '4', '9', 'Null', 2595, '220060'),
(19690, '3.5', '8.5', 'Null', 2595, '220071'),
(19691, '3.5', '8.2', 'Null', 2595, '220109'),
(19692, '2', '6', 'Null', 2595, '220126'),
(19693, '2.5', '6.6', 'Null', 2595, '220242'),
(19694, '3', '7.4', 'Null', 2595, '420000'),
(19695, '2.5', '6.9', 'Null', 2596, '220057'),
(19696, '3.5', '8', 'Null', 2596, '220064'),
(19697, '3.5', '8.2', 'Null', 2596, '220078'),
(19698, '2', '6.3', 'Null', 2596, '220120'),
(19699, '3.5', '8.5', 'Null', 2596, '220243'),
(19700, '4', '9.5', 'Null', 2596, '220266'),
(19701, '3.5', '8.7', 'Null', 2596, '220268'),
(19702, '1', '4.7', 'Null', 2597, '110001'),
(19703, '1.5', '5.1', 'Null', 2597, '110042'),
(19704, '2', '6.4', 'Null', 2597, '180050'),
(19705, '3', '7.8', 'Null', 2597, '190081'),
(19706, '3', '7.5', 'Null', 2597, '190082'),
(19707, '3', '7.8', 'Null', 2597, '190083'),
(19708, '3.5', '8.4', 'Null', 2597, '190084'),
(19709, '4', '9', 'Null', 2597, '191'),
(19710, '3.5', '8.9', 'Null', 2597, '220092'),
(19711, '2', '5.7', 'Null', 2597, '220228'),
(19712, '3.5', '8.3', 'Null', 2597, '450015'),
(19713, '1', '4', 'Null', 2598, '110003'),
(19714, '3', '7.8', 'Null', 2598, '170011'),
(19715, '3.5', '8.5', 'Null', 2598, '180051'),
(19716, '3.5', '8.5', 'Null', 2598, '220233'),
(19717, '2', '5.8', 'Null', 2598, '220234'),
(19718, '1.5', '5.2', 'Null', 2598, '290000'),
(19719, '3', '7.9', 'Null', 2598, '410292'),
(19720, '2.5', '6.6', 'Null', 2598, '640033'),
(19721, '3.5', '8.1', 'Null', 2599, '110002'),
(19722, '1', '4.8', 'Null', 2599, '110079'),
(19723, '2.5', '6.8', 'Null', 2599, '180052'),
(19724, '3.5', '8.4', 'Null', 2599, '220096'),
(19725, '1', '4', 'Null', 2599, '220099'),
(19726, '1.5', '5.1', 'Null', 2599, '220100'),
(19727, '3.5', '8.5', 'Null', 2599, '410293'),
(19728, '3', '7.5', 'Null', 2600, '110057'),
(19729, '2', '5.8', 'Null', 2600, '220018'),
(19730, '1.5', '5.4', 'Null', 2600, '220101'),
(19731, '2', '5.9', 'Null', 2600, '220236'),
(19732, '2', '6', 'Null', 2600, '220237'),
(19733, '2.5', '6.8', 'Null', 2600, '220250'),
(19734, '3', '7.1', 'Null', 2600, '410294'),
(19735, '2.5', '6.9', 'Null', 2601, '180053'),
(19736, '2', '6.2', 'Null', 2601, '220034'),
(19737, '2.5', '6.9', 'Null', 2601, '220086'),
(19738, '3', '7.5', 'Null', 2601, '220239'),
(19739, '3', '7.5', 'Null', 2601, '220265'),
(19740, '2', '6.1', 'Null', 2601, '220267'),
(19741, '3.5', '8.1', 'Null', 2601, '320045'),
(19742, '1.5', '3.1', 'Null', 2602, '110057'),
(19743, '2.5', '6.5', 'Null', 2602, '220055'),
(19744, '2.5', '6.5', 'Null', 2602, '220060'),
(19745, '3', '7.5', 'Null', 2602, '220071'),
(19746, '3', '7.5', 'Null', 2602, '220109'),
(19747, '1.5', '5.4', 'Null', 2602, '220126'),
(19748, '1', '4.7', 'Null', 2602, '220242'),
(19749, '2.5', '6.6', 'Null', 2602, '420000'),
(19750, '2.5', '6.6', 'Null', 2603, '220057'),
(19751, '2', '5.9', 'Null', 2603, '220064'),
(19752, '3', '7.5', 'Null', 2603, '220078'),
(19753, '1.5', '5.2', 'Null', 2603, '220120'),
(19754, '1.5', '5.3', 'Null', 2603, '220243'),
(19755, '0', '3.4', 'Null', 2603, '220266'),
(19756, '2.5', '6.6', 'Null', 2603, '220268'),
(19757, '2', '6.1', 'Null', 2604, '110001'),
(19758, '1', '4', 'Null', 2604, '110042'),
(19759, '2', '6', 'Null', 2604, '180050'),
(19760, '3.5', '8.4', 'Null', 2604, '190081'),
(19761, '3.5', '8.2', 'Null', 2604, '190082'),
(19762, '3', '7.3', 'Null', 2604, '190083'),
(19763, '3', '7.5', 'Null', 2604, '190084'),
(19764, '3.5', '8.7', 'Null', 2604, '191'),
(19765, '4', '9.3', 'Null', 2604, '220092'),
(19766, '2.5', '6.8', 'Null', 2604, '220228'),
(19767, '2.5', '6.5', 'Null', 2604, '410291'),
(19768, '2', '6', 'Null', 2604, '450015'),
(19769, '1.5', '3.3', 'Null', 2605, '110003'),
(19770, '3', '7.2', 'Null', 2605, '170011'),
(19771, '3', '7.5', 'Null', 2605, '180051'),
(19772, '3.5', '8.8', 'Null', 2605, '220233'),
(19773, '2', '5.5', 'Null', 2605, '220234'),
(19774, '1', '4.9', 'Null', 2605, '290000'),
(19775, '2.5', '6.6', 'Null', 2605, '410292'),
(19776, '2.5', '6.9', 'Null', 2605, '640033'),
(19777, '3.5', '8', 'Null', 2606, '110002'),
(19778, '1', '4.8', 'Null', 2606, '110079'),
(19779, '3', '7.4', 'Null', 2606, '180052'),
(19780, '3.5', '8.3', 'Null', 2606, '220096'),
(19781, '1', '3.2', 'Null', 2606, '220099'),
(19782, '1', '3.8', 'Null', 2606, '220100'),
(19783, '2', '6', 'Null', 2606, '410293'),
(19784, '1', '4.7', 'Null', 2607, '110057'),
(19785, '3', '7.2', 'Null', 2607, '220018'),
(19786, '2.5', '6.5', 'Null', 2607, '220018'),
(19787, '2', '5.9', 'Null', 2607, '220101'),
(19788, '2', '6', 'Null', 2607, '220236'),
(19789, '2', '6.1', 'Null', 2607, '220237'),
(19790, '2', '6.4', 'Null', 2607, '220250'),
(19791, '3', '7.5', 'Null', 2607, '410294'),
(19792, '2.5', '6.6', 'Null', 2608, '180053'),
(19793, '3.5', '8.4', 'Null', 2608, '220034'),
(19794, '2', '6.4', 'Null', 2608, '220086'),
(19795, '3', '7.4', 'Null', 2608, '220239'),
(19796, '3.5', '8.1', 'Null', 2608, '220265'),
(19797, '2', '6', 'Null', 2608, '220267'),
(19798, '2', '6.3', 'Null', 2608, '320045'),
(19799, '2.5', '6.8', 'Null', 2609, '110057'),
(19800, '3.5', '8.5', 'Null', 2609, '220055'),
(19801, '3', '7.7', 'Null', 2609, '220060'),
(19802, '3', '7.7', 'Null', 2609, '220071'),
(19803, '1.5', '5.3', 'Null', 2609, '220109'),
(19804, '1.5', '5.4', 'Null', 2609, '220126'),
(19805, '3', '7.7', 'Null', 2609, '220242'),
(19806, '3', '7.7', 'Null', 2610, '220057'),
(19807, '2.5', '6.6', 'Null', 2610, '220064'),
(19808, '3', '7.8', 'Null', 2610, '220078'),
(19809, '2', '6.1', 'Null', 2610, '220120'),
(19810, '2.5', '6.8', 'Null', 2610, '220243'),
(19811, '3', '7', 'Null', 2610, '220266'),
(19812, '2.5', '6.6', 'Null', 2610, '220268'),
(19813, '1.0', '4.7', 'Null', 2611, '110001'),
(19814, '2.0', '3.9', 'Null', 2611, '110042'),
(19815, '3.0', '7.1', 'Null', 2611, '180050'),
(19816, '3.5', '8.5', 'Null', 2611, '190081'),
(19817, '3.0', '7.7', 'Null', 2611, '190082'),
(19818, '2.5', '6.8', 'Null', 2611, '190083'),
(19819, '3.0', '7.8', 'Null', 2611, '190084'),
(19820, '3.5', '8.9', 'Null', 2611, '220092'),
(19821, '3.5', '8.4', 'Null', 2611, '220228'),
(19822, '3.5', '8.3', 'Null', 2611, '450015'),
(19823, '1', '4', 'Null', 2612, '110003'),
(19824, '3', '7.9', 'Null', 2612, '170011'),
(19825, '3', '7.3', 'Null', 2612, '180051'),
(19826, '3.5', '8.1', 'Null', 2612, '220233'),
(19827, '2', '6.3', 'Null', 2612, '220234'),
(19828, '2', '5.7', 'Null', 2612, '290000'),
(19829, '3.5', '8', 'Null', 2612, '410292'),
(19830, '2.5', '6.5', 'Null', 2612, '640033'),
(19831, '3', '7.9', 'Null', 2613, '110002'),
(19832, '1.5', '5.3', 'Null', 2613, '110079'),
(19833, '3', '7.3', 'Null', 2613, '180052'),
(19834, '3', '7.9', 'Null', 2613, '220096'),
(19835, '1.5', '5.2', 'Null', 2613, '220099'),
(19836, '1', '4.9', 'Null', 2613, '220100'),
(19837, '4', '9.1', 'Null', 2613, '410293'),
(19838, '1', '4.6', 'Null', 2614, '110057'),
(19839, '2.5', '6.5', 'Null', 2614, '220018'),
(19840, '2', '6.3', 'Null', 2614, '220018'),
(19841, '2', '6.4', 'Null', 2614, '220101'),
(19842, '2.5', '6.9', 'Null', 2614, '220236'),
(19843, '2', '5.9', 'Null', 2614, '220237'),
(19844, '3.5', '8.2', 'Null', 2614, '220250'),
(19845, '3', '7', 'Null', 2614, '410294'),
(19846, '2', '6', 'Null', 2615, '180053'),
(19847, '3.5', '8.2', 'Null', 2615, '220034'),
(19848, '2', '6.2', 'Null', 2615, '220086'),
(19849, '3', '7.7', 'Null', 2615, '220239'),
(19850, '3', '7.5', 'Null', 2615, '220265'),
(19851, '2.5', '6.7', 'Null', 2615, '220267'),
(19852, '2', '6.3', 'Null', 2615, '320045'),
(19853, '3', '7', 'Null', 2616, '110057'),
(19854, '3', '7.7', 'Null', 2616, '220055'),
(19855, '3.5', '8.2', 'Null', 2616, '220060'),
(19856, '3', '7.3', 'Null', 2616, '220071'),
(19857, '2', '5.6', 'Null', 2616, '220109'),
(19858, '1.5', '5.2', 'Null', 2616, '220126'),
(19859, '3.5', '8.4', 'Null', 2616, '220242'),
(19860, '3', '7.6', 'Null', 2617, '220057'),
(19861, '3', '7.4', 'Null', 2617, '220064'),
(19862, '3', '7.8', 'Null', 2617, '220078'),
(19863, '2', '5.9', 'Null', 2617, '220120'),
(19864, '2.5', '6.5', 'Null', 2617, '220243'),
(19865, '3.5', '8', 'Null', 2617, '220266'),
(19866, '2.5', '6.6', 'Null', 2617, '220268'),
(19867, '2.5', '6.8', 'Null', 2618, '110001'),
(19868, '1', '1.7', 'Null', 2618, '110042'),
(19869, '2.5', '6.7', 'Null', 2618, '180050'),
(19870, '3', '7.9', 'Null', 2618, '190081'),
(19871, '3.5', '8.5', 'Null', 2618, '190082'),
(19872, '3.5', '8', 'Null', 2618, '190083'),
(19873, '2.5', '6.8', 'Null', 2618, '190084'),
(19874, '3', '7.8', 'Null', 2618, '191'),
(19875, '3.5', '8.3', 'Null', 2618, '220092'),
(19876, '3', '7.5', 'Null', 2618, '450015'),
(19877, '1', '2.8', 'Null', 2619, '110003'),
(19878, '3', '7.6', 'Null', 2619, '170011'),
(19879, '3.5', '8.3', 'Null', 2619, '180051'),
(19880, '3.5', '8', 'Null', 2619, '220233'),
(19881, '1', '4.8', 'Null', 2619, '220234'),
(19882, '1', '4.8', 'Null', 2619, '290000'),
(19883, '2.5', '6.9', 'Null', 2619, '410292'),
(19884, '2.5', '6.5', 'Null', 2619, '640033'),
(19885, '3', '7.8', 'Null', 2620, '110002'),
(19886, '1', '4.7', 'Null', 2620, '110079'),
(19887, '2', '6.3', 'Null', 2620, '180052'),
(19888, '3', '7.7', 'Null', 2620, '220096'),
(19889, '2', '3.9', 'Null', 2620, '220099'),
(19890, '1.5', '5.2', 'Null', 2620, '220100'),
(19891, '3', '7.9', 'Null', 2620, '410293'),
(19892, '1', '4.3', 'Null', 2621, '110057'),
(19893, '3', '7.9', 'Null', 2621, '220018'),
(19894, '2', '6.3', 'Null', 2621, '220018'),
(19895, '2', '6', 'Null', 2621, '220101'),
(19896, '2', '6.2', 'Null', 2621, '220236'),
(19897, '3.5', '8.2', 'Null', 2621, '220237'),
(19898, '2', '6.1', 'Null', 2621, '220250'),
(19899, '2.5', '6.9', 'Null', 2622, '180053'),
(19900, '3', '7.8', 'Null', 2622, '220034'),
(19901, '2.5', '6.5', 'Null', 2622, '220086'),
(19902, '3', '7.7', 'Null', 2622, '220239'),
(19903, '2.5', '3.6', 'Null', 2622, '220265'),
(19904, '2', '5.9', 'Null', 2622, '220267'),
(19905, '2', '6.2', 'Null', 2622, '320045'),
(19906, '2.5', '6.8', 'Null', 2623, '110057'),
(19907, '3', '7.6', 'Null', 2623, '220055'),
(19908, '3', '7.9', 'Null', 2623, '220060'),
(19909, '3', '7.7', 'Null', 2623, '220071'),
(19910, '1.5', '5.3', 'Null', 2623, '220109'),
(19911, '1', '4.9', 'Null', 2623, '220126'),
(19912, '3.5', '8.2', 'Null', 2623, '220242'),
(19913, '3', '7.4', 'Null', 2624, '220057'),
(19914, '2', '5.9', 'Null', 2624, '220064'),
(19915, '3', '7.4', 'Null', 2624, '220078'),
(19916, '1.5', '5.4', 'Null', 2624, '220120'),
(19917, '2', '5.8', 'Null', 2624, '220243'),
(19918, '3.5', '8.3', 'Null', 2624, '220266'),
(19919, '2', '6.4', 'Null', 2624, '220268'),
(19920, '2', '6', 'Null', 2625, '110001'),
(19921, '1', '4.6', 'Null', 2625, '110042'),
(19922, '3.5', '8.3', 'Null', 2625, '180050'),
(19923, '3.5', '8.2', 'Null', 2625, '190081'),
(19924, '4', '9.3', 'Null', 2625, '190082'),
(19925, '3', '7.3', 'Null', 2625, '190083'),
(19926, '3', '7', 'Null', 2625, '190084'),
(19927, '3', '7.8', 'Null', 2625, '191'),
(19928, '3.5', '8.6', 'Null', 2625, '220092'),
(19929, '1.5', '5', 'Null', 2625, '220228'),
(19930, '1', '4.5', 'Null', 2625, '410291'),
(19931, '3.5', '8', 'Null', 2625, '450015'),
(19932, '1', '4', 'Null', 2626, '110003'),
(19933, '2.5', '6.9', 'Null', 2626, '170011'),
(19934, '3', '7.5', 'Null', 2626, '180051'),
(19935, '3.5', '8.7', 'Null', 2626, '220233'),
(19936, '2', '5.8', 'Null', 2626, '220234'),
(19937, '1.5', '5.3', 'Null', 2626, '290000'),
(19938, '2', '6.3', 'Null', 2626, '410292'),
(19939, '2.5', '6.9', 'Null', 2626, '640033'),
(19940, '3', '7.6', 'Null', 2627, '110002'),
(19941, '2', '5.6', 'Null', 2627, '110079'),
(19942, '2', '6.3', 'Null', 2627, '180052'),
(19943, '3.5', '8.6', 'Null', 2627, '220096'),
(19944, '1', '2.3', 'Null', 2627, '220099'),
(19945, '1.5', '5', 'Null', 2627, '220100'),
(19946, '2.5', '6.7', 'Null', 2627, '410293'),
(19947, '1', '4.7', 'Null', 2628, '110057'),
(19948, '3', '7.7', 'Null', 2628, '220018'),
(19949, '2.5', '6.6', 'Null', 2628, '220018'),
(19950, '2.5', '6.5', 'Null', 2628, '220101'),
(19951, '1', '4.7', 'Null', 2628, '220236'),
(19952, '2.5', '6.7', 'Null', 2628, '220237'),
(19953, '2', '6.2', 'Null', 2628, '220250'),
(19954, '2', '5.6', 'Null', 2628, '410294'),
(19955, '2.5', '6.8', 'Null', 2629, '180053'),
(19956, '2.5', '6.8', 'Null', 2629, '220034'),
(19957, '2.5', '6.9', 'Null', 2629, '220086'),
(19958, '3', '7.4', 'Null', 2629, '220239'),
(19959, '4', '9.3', 'Null', 2629, '220265'),
(19960, '2', '6.3', 'Null', 2629, '220267'),
(19961, '2', '6.1', 'Null', 2629, '320045'),
(19962, '2', '5.9', 'Null', 2630, '110057'),
(19963, '2', '5.7', 'Null', 2630, '220055'),
(19964, '3.5', '8', 'Null', 2630, '220060'),
(19965, '3.5', '8.2', 'Null', 2630, '220071'),
(19966, '2', '5.9', 'Null', 2630, '220109'),
(19967, '1', '4.7', 'Null', 2630, '220126'),
(19968, '3', '7.2', 'Null', 2630, '220242'),
(19969, '3', '7.9', 'Null', 2631, '220057'),
(19970, '2', '5.9', 'Null', 2631, '220064'),
(19971, '3', '7.9', 'Null', 2631, '220078'),
(19972, '2', '5.7', 'Null', 2631, '220120'),
(19973, '2', '6.1', 'Null', 2631, '220243'),
(19974, '3.5', '8.9', 'Null', 2631, '220266'),
(19975, '2.5', '6.6', 'Null', 2631, '220268'),
(19976, '2.5', '6.9', 'Null', 2632, '110001'),
(19977, '2', '5.5', 'Null', 2632, '110042'),
(19978, '3.5', '8.5', 'Null', 2632, '180050'),
(19979, '3', '7.8', 'Null', 2632, '190081'),
(19980, '3', '7.4', 'Null', 2632, '190082'),
(19981, '3', '7', 'Null', 2632, '190083'),
(19982, '3', '7', 'Null', 2632, '190084'),
(19983, '3.5', '8.5', 'Null', 2632, '191'),
(19984, '3.5', '8.9', 'Null', 2632, '220092'),
(19985, '2', '6.1', 'Null', 2632, '220228'),
(19986, '3', '7.5', 'Null', 2632, '450015'),
(19987, '1', '4.5', 'Null', 2633, '110003'),
(19988, '2', '6.2', 'Null', 2633, '170011'),
(19989, '3.5', '8', 'Null', 2633, '180051'),
(19990, '3.5', '8.5', 'Null', 2633, '220233'),
(19991, '1.5', '5.4', 'Null', 2633, '220234'),
(19992, '1.5', '5.4', 'Null', 2633, '290000'),
(19993, '3', '7.6', 'Null', 2633, '410292'),
(19994, '3', '7.1', 'Null', 2633, '640033'),
(19995, '3.5', '8.1', 'Null', 2634, '110002'),
(19996, '2', '5.9', 'Null', 2634, '110079'),
(19997, '3', '7.3', 'Null', 2634, '180052'),
(19998, '3.5', '8.6', 'Null', 2634, '220096'),
(19999, '1', '3.4', 'Null', 2634, '220099'),
(20000, '2', '5.8', 'Null', 2634, '220100'),
(20001, '3', '7.8', 'Null', 2634, '410293'),
(20002, '2', '5.6', 'Null', 2635, '110057'),
(20003, '3', '7.2', 'Null', 2635, '220018'),
(20004, '2.5', '6.8', 'Null', 2635, '220018'),
(20005, '2', '6.3', 'Null', 2635, '220101'),
(20006, '2.5', '6.5', 'Null', 2635, '220236'),
(20007, '2', '6.1', 'Null', 2635, '220237'),
(20008, '3.5', '8.6', 'Null', 2635, '220250'),
(20009, '2.5', '6.5', 'Null', 2635, '410294'),
(20010, '3', '7.4', 'Null', 2636, '180053'),
(20011, '3.5', '8.3', 'Null', 2636, '220034'),
(20012, '3', '7.8', 'Null', 2636, '220086'),
(20013, '3', '7.3', 'Null', 2636, '220239'),
(20014, '4', '9.3', 'Null', 2636, '220265'),
(20015, '2', '6.4', 'Null', 2636, '220267'),
(20016, '2', '6.1', 'Null', 2636, '320045'),
(20017, '3', '7.8', 'Null', 2637, '110057'),
(20018, '3.5', '8.5', 'Null', 2637, '220055'),
(20019, '3.5', '8', 'Null', 2637, '220060'),
(20020, '3.5', '8.6', 'Null', 2637, '220071'),
(20021, '2', '5.9', 'Null', 2637, '220109'),
(20022, '2', '6.1', 'Null', 2637, '220126'),
(20023, '3', '7.9', 'Null', 2637, '220242'),
(20024, '3', '7.9', 'Null', 2638, '220057'),
(20025, '3.5', '8', 'Null', 2638, '220064'),
(20026, '3.5', '8', 'Null', 2638, '220078'),
(20027, '2', '6', 'Null', 2638, '220120'),
(20028, '3.5', '8.5', 'Null', 2638, '220243'),
(20029, '4', '9.1', 'Null', 2638, '220266'),
(20030, '3.5', '8.7', 'Null', 2638, '220268'),
(20031, '3.5', '8.8', 'Null', 2639, '110001'),
(20032, '4', '9.2', 'Null', 2639, '110042'),
(20033, '4', '9.2', 'Null', 2639, '180050'),
(20034, '4', '9', 'Null', 2639, '190081'),
(20035, '3.5', '8.8', 'Null', 2639, '190082'),
(20036, '3', '7.5', 'Null', 2639, '190083'),
(20037, '3', '7.3', 'Null', 2639, '190084'),
(20038, '3.5', '8.7', 'Null', 2639, '191'),
(20039, '4', '9.2', 'Null', 2639, '220092'),
(20040, '4', '9.8', 'Null', 2639, '220228'),
(20041, '3', '7.8', 'Null', 2639, '450015'),
(20042, '2', '6.1', 'Null', 2640, '110003'),
(20043, '3.5', '8.2', 'Null', 2640, '170011'),
(20044, '3', '7.8', 'Null', 2640, '180051'),
(20045, '4', '9.7', 'Null', 2640, '220233'),
(20046, '3.5', '8.1', 'Null', 2640, '220234'),
(20047, '1', '4.9', 'Null', 2640, '290000'),
(20048, '3.5', '8.4', 'Null', 2640, '640033'),
(20049, '3', '7.7', 'Null', 2641, '110002'),
(20050, '3', '7.9', 'Null', 2641, '110079'),
(20051, '3', '7.5', 'Null', 2641, '180052'),
(20052, '3.5', '8.7', 'Null', 2641, '220096'),
(20053, '3', '7', 'Null', 2641, '220099'),
(20054, '3.5', '8', 'Null', 2641, '220100'),
(20055, '2.5', '6.6', 'Null', 2642, '110057'),
(20056, '3.5', '8.3', 'Null', 2642, '180001'),
(20057, '3', '7.6', 'Null', 2642, '220018'),
(20058, '3', '7.4', 'Null', 2642, '220101'),
(20059, '3.5', '8.1', 'Null', 2642, '220236'),
(20060, '3.5', '8.6', 'Null', 2642, '220237'),
(20061, '4', '9.4', 'Null', 2642, '220250'),
(20062, '3', '7.9', 'Null', 2643, '180053'),
(20063, '3.5', '8.6', 'Null', 2643, '220034'),
(20064, '2.5', '6.9', 'Null', 2643, '220086'),
(20065, '3', '7.9', 'Null', 2643, '220239'),
(20066, '4', '9.4', 'Null', 2643, '220265'),
(20067, '2.5', '6.7', 'Null', 2643, '220267'),
(20068, '4', '9.1', 'Null', 2643, '320045'),
(20069, '3.5', '8.5', 'Null', 2644, '110057'),
(20070, '3.5', '8.8', 'Null', 2644, '220055'),
(20071, '4', '9.3', 'Null', 2644, '220060'),
(20072, '3.5', '8.4', 'Null', 2644, '220071'),
(20073, '2.5', '6.9', 'Null', 2644, '220109'),
(20074, '3', '7.7', 'Null', 2644, '220126'),
(20075, '3.5', '8.4', 'Null', 2644, '220242'),
(20076, '3', '7.9', 'Null', 2645, '220057'),
(20077, '3.5', '8.2', 'Null', 2645, '220064'),
(20078, '3.5', '8.5', 'Null', 2645, '220078'),
(20079, '1.5', '5.4', 'Null', 2645, '220120'),
(20080, '3.5', '8', 'Null', 2645, '220243'),
(20081, '4', '9.8', 'Null', 2645, '220266'),
(20082, '3.5', '8.5', 'Null', 2645, '220268'),
(20083, '2.5', '6.6', 'Null', 2646, '110001'),
(20084, '2.5', '3.6', 'Null', 2646, '110042'),
(20085, '3', '7.4', 'Null', 2646, '180050'),
(20086, '3', '7.9', 'Null', 2646, '190081'),
(20087, '3', '7', 'Null', 2646, '190082'),
(20088, '2.5', '6.8', 'Null', 2646, '190083'),
(20089, '3', '7.7', 'Null', 2646, '190084'),
(20090, '3', '7.4', 'Null', 2646, '191'),
(20091, '3.5', '8.7', 'Null', 2646, '220092'),
(20092, '4', '9.9', 'Null', 2646, '220228'),
(20093, '2', '6.1', 'Null', 2646, '410291'),
(20094, '3', '7', 'Null', 2646, '450015'),
(20095, '2.5', '6.9', 'Null', 2647, '110003'),
(20096, '3.5', '8.3', 'Null', 2647, '170011'),
(20097, '3.5', '8.5', 'Null', 2647, '180051'),
(20098, '4', '9.7', 'Null', 2647, '220233'),
(20099, '2.5', '6.6', 'Null', 2647, '220234'),
(20100, '1.5', '5.3', 'Null', 2647, '290000'),
(20101, '2', '6', 'Null', 2647, '410292'),
(20102, '2.5', '6.7', 'Null', 2647, '640033'),
(20103, '3', '7.3', 'Null', 2648, '110002'),
(20104, '2.5', '6.9', 'Null', 2648, '110079'),
(20105, '2', '6.4', 'Null', 2648, '180052'),
(20106, '3.5', '8.8', 'Null', 2648, '220096'),
(20107, '2', '3.2', 'Null', 2648, '220099'),
(20108, '1.5', '5.1', 'Null', 2648, '220100'),
(20109, '2', '6.2', 'Null', 2648, '410293'),
(20110, '2', '5.6', 'Null', 2649, '110057'),
(20111, '3', '7.7', 'Null', 2649, '180001'),
(20112, '2.5', '6.6', 'Null', 2649, '220018'),
(20113, '2', '6.3', 'Null', 2649, '220101'),
(20114, '2', '6.3', 'Null', 2649, '220236'),
(20115, '3.5', '8.3', 'Null', 2649, '220237'),
(20116, '2.5', '6.8', 'Null', 2649, '220250'),
(20117, '1.5', '5.2', 'Null', 2649, '410294'),
(20118, '2.5', '6.8', 'Null', 2650, '180053'),
(20119, '3.5', '8.1', 'Null', 2650, '220034'),
(20120, '2.5', '6.9', 'Null', 2650, '220086'),
(20121, '3', '7.5', 'Null', 2650, '220239'),
(20122, '3.5', '8.8', 'Null', 2650, '220265'),
(20123, '2', '6.4', 'Null', 2650, '220267'),
(20124, '3', '7.2', 'Null', 2650, '320045'),
(20125, '3', '7.7', 'Null', 2651, '110057'),
(20126, '3.5', '8.4', 'Null', 2651, '220055'),
(20127, '3.5', '8.3', 'Null', 2651, '220060'),
(20128, '3.5', '8', 'Null', 2651, '220071'),
(20129, '1.5', '5.2', 'Null', 2651, '220109'),
(20130, '2', '5.6', 'Null', 2651, '220126'),
(20131, '3.5', '8', 'Null', 2651, '220242'),
(20132, '3', '7.5', 'Null', 2652, '220057'),
(20133, '3', '7.7', 'Null', 2652, '220064'),
(20134, '3.5', '8', 'Null', 2652, '220078'),
(20135, '2', '5.5', 'Null', 2652, '220120'),
(20136, '3.5', '8.4', 'Null', 2652, '220243'),
(20137, '3.5', '8.8', 'Null', 2652, '220266'),
(20138, '3.5', '8.3', 'Null', 2652, '220268'),
(20139, '3.5', '8.3', 'Null', 2653, '110001'),
(20140, '2.5', '6.8', 'Null', 2653, '110042'),
(20141, '3.5', '8.2', 'Null', 2653, '180050'),
(20142, '3', '7.7', 'Null', 2653, '190081'),
(20143, '3', '7.8', 'Null', 2653, '190082'),
(20144, '3', '7.3', 'Null', 2653, '190083'),
(20145, '3', '7.3', 'Null', 2653, '190084'),
(20146, '4', '9', 'Null', 2653, '191'),
(20147, '3.5', '8.3', 'Null', 2653, '220092'),
(20148, '3.5', '8.8', 'Null', 2653, '220228'),
(20149, '3.5', '8.8', 'Null', 2653, '450015'),
(20150, '1', '4.7', 'Null', 2654, '110003'),
(20151, '3', '7.7', 'Null', 2654, '170011'),
(20152, '3', '7.8', 'Null', 2654, '180051'),
(20153, '4', '10', 'Null', 2654, '220233'),
(20154, '2.5', '6.7', 'Null', 2654, '220234'),
(20155, '1', '4.4', 'Null', 2654, '290000'),
(20156, '2.5', '6.9', 'Null', 2654, '410292'),
(20157, '3', '7.3', 'Null', 2654, '640033'),
(20158, '3', '7.8', 'Null', 2655, '110002'),
(20159, '3', '7.1', 'Null', 2655, '110079'),
(20160, '3', '7.7', 'Null', 2655, '180052'),
(20161, '3', '7.2', 'Null', 2655, '220096'),
(20162, '2', '6.4', 'Null', 2655, '220099'),
(20163, '2.5', '6.8', 'Null', 2655, '220100'),
(20164, '3', '7.9', 'Null', 2655, '410293'),
(20165, '3', '7.2', 'Null', 2656, '110057'),
(20166, '3.5', '8', 'Null', 2656, '180001'),
(20167, '3', '7.5', 'Null', 2656, '220018'),
(20168, '2.5', '6.7', 'Null', 2656, '220101'),
(20169, '2', '5.8', 'Null', 2656, '220236'),
(20170, '3.5', '8.4', 'Null', 2656, '220237'),
(20171, '3', '7.6', 'Null', 2656, '220250'),
(20172, '1', '4.5', 'Null', 2656, '410294'),
(20173, '3.5', '8', 'Null', 2657, '180053'),
(20174, '3.5', '8.7', 'Null', 2657, '220034'),
(20175, '2', '5.6', 'Null', 2657, '220086'),
(20176, '3', '7.8', 'Null', 2657, '220239'),
(20177, '3', '7', 'Null', 2657, '220265'),
(20178, '2', '5.9', 'Null', 2657, '220267'),
(20179, '2.5', '6.8', 'Null', 2657, '320045'),
(20180, '3', '7.3', 'Null', 2658, '110057'),
(20181, '3', '7.5', 'Null', 2658, '220055'),
(20182, '3.5', '8.1', 'Null', 2658, '220060'),
(20183, '4', '9', 'Null', 2658, '220071'),
(20184, '1.5', '5.3', 'Null', 2658, '220109'),
(20185, '2', '5.9', 'Null', 2658, '220126'),
(20186, '4', '9', 'Null', 2658, '220242'),
(20187, '3.5', '8.4', 'Null', 2659, '220057'),
(20188, '2.5', '6.8', 'Null', 2659, '220064'),
(20189, '3', '7.4', 'Null', 2659, '220078'),
(20190, '1.5', '5.3', 'Null', 2659, '220120'),
(20191, '3', '7.8', 'Null', 2659, '220243'),
(20192, '4', '9.5', 'Null', 2659, '220266'),
(20193, '3', '7.9', 'Null', 2659, '220268'),
(20194, '1.5', '5.4', 'Null', 2660, '110001'),
(20195, '2', '3', 'Null', 2660, '110042'),
(20196, '1.5', '5.2', 'Null', 2660, '180050'),
(20197, '2', '6.3', 'Null', 2660, '190081'),
(20198, '3', '7.2', 'Null', 2660, '190082'),
(20199, '3', '7.3', 'Null', 2660, '190083'),
(20200, '3', '7.4', 'Null', 2660, '190084'),
(20201, '2', '6.2', 'Null', 2660, '191'),
(20202, '3.5', '8.9', 'Null', 2660, '220092'),
(20203, '1.5', '5.3', 'Null', 2660, '220228'),
(20204, '1.5', '5.2', 'Null', 2660, '410291'),
(20205, '2.5', '6.5', 'Null', 2660, '450015'),
(20206, '1.5', '5.4', 'Null', 2661, '110003'),
(20207, '2.5', '6.5', 'Null', 2661, '170011'),
(20208, '3', '7.5', 'Null', 2661, '180051'),
(20209, '3.5', '8.6', 'Null', 2661, '220233'),
(20210, '2', '6.4', 'Null', 2661, '220234'),
(20211, '1.5', '5', 'Null', 2661, '290000'),
(20212, '1', '4.1', 'Null', 2661, '640033'),
(20213, '3', '7.2', 'Null', 2662, '110002'),
(20214, '1', '4.7', 'Null', 2662, '110079'),
(20215, '2', '5.9', 'Null', 2662, '180052'),
(20216, '3.5', '8.3', 'Null', 2662, '220096'),
(20217, '1.5', '5.4', 'Null', 2662, '220100'),
(20218, '1', '4.4', 'Null', 2663, '110057'),
(20219, '2.5', '6.8', 'Null', 2663, '180001'),
(20220, '2.5', '6.8', 'Null', 2663, '220018'),
(20221, '1.5', '5.3', 'Null', 2663, '220101'),
(20222, '2', '5.8', 'Null', 2663, '220236'),
(20223, '2', '5.6', 'Null', 2663, '220237'),
(20224, '1', '3.8', 'Null', 2663, '220250'),
(20225, '2', '6.3', 'Null', 2664, '180053'),
(20226, '3', '7.9', 'Null', 2664, '220034'),
(20227, '1', '4.6', 'Null', 2664, '220086'),
(20228, '2', '6.2', 'Null', 2664, '220239'),
(20229, '3', '7.3', 'Null', 2664, '220265'),
(20230, '1.5', '5.4', 'Null', 2664, '220267'),
(20231, '2.5', '6.6', 'Null', 2664, '320045'),
(20232, '2.5', '6.9', 'Null', 2665, '220055'),
(20233, '2.5', '6.9', 'Null', 2665, '220060'),
(20234, '3', '7.4', 'Null', 2665, '220071'),
(20235, '2.5', '2.4', 'Null', 2665, '220099'),
(20236, '2.5', '6.7', 'Null', 2665, '220109'),
(20237, '1', '4.7', 'Null', 2665, '220126'),
(20238, '1.5', '5.1', 'Null', 2665, '220242'),
(20239, '1', '4.1', 'Null', 2665, '410292'),
(20240, '2.5', '6.5', 'Null', 2665, '420000'),
(20241, '3', '7.2', 'Null', 2666, '220057'),
(20242, '2.5', '6.6', 'Null', 2666, '220064'),
(20243, '3', '7.5', 'Null', 2666, '220078'),
(20244, '1', '4', 'Null', 2666, '220120'),
(20245, '2', '5.9', 'Null', 2666, '220243'),
(20246, '3', '7.4', 'Null', 2666, '220266'),
(20247, '2.5', '6.6', 'Null', 2666, '220268'),
(20248, '2', '5.9', 'Null', 2667, '110001'),
(20249, '2.5', '3.5', 'Null', 2667, '110042'),
(20250, '2', '5.7', 'Null', 2667, '180050'),
(20251, '3.5', '8.5', 'Null', 2667, '190081'),
(20252, '3', '7.8', 'Null', 2667, '190082'),
(20253, '2.5', '6.5', 'Null', 2667, '190083'),
(20254, '2', '6.3', 'Null', 2667, '190084'),
(20255, '4', '9', 'Null', 2667, '191'),
(20256, '3.5', '8.9', 'Null', 2667, '220092'),
(20257, '2', '5.9', 'Null', 2667, '220228'),
(20258, '1', '4.9', 'Null', 2667, '410291'),
(20259, '2.5', '6.5', 'Null', 2667, '450015'),
(20260, '1.5', '5', 'Null', 2668, '110003'),
(20261, '2.5', '6.9', 'Null', 2668, '170011'),
(20262, '3', '7.8', 'Null', 2668, '180051'),
(20263, '3.5', '8.6', 'Null', 2668, '220233'),
(20264, '3', '7.5', 'Null', 2668, '220234'),
(20265, '1.5', '5.4', 'Null', 2668, '290000'),
(20266, '1', '4.8', 'Null', 2668, '640033'),
(20267, '3', '7.6', 'Null', 2669, '110002'),
(20268, '1.5', '5.1', 'Null', 2669, '110079'),
(20269, '2.5', '6.9', 'Null', 2669, '180052'),
(20270, '4', '9.2', 'Null', 2669, '220096'),
(20271, '1', '4.6', 'Null', 2669, '220099'),
(20272, '2', '5.5', 'Null', 2669, '220100'),
(20273, '2.5', '6.5', 'Null', 2670, '110057'),
(20274, '2', '6.3', 'Null', 2670, '180001'),
(20275, '2.5', '6.9', 'Null', 2670, '220018'),
(20276, '2', '5.8', 'Null', 2670, '220101'),
(20277, '2', '5.9', 'Null', 2670, '220236'),
(20278, '2', '6.4', 'Null', 2670, '220237'),
(20279, '1', '4.3', 'Null', 2670, '220250'),
(20280, '2', '6.2', 'Null', 2671, '180053'),
(20281, '3.5', '8.3', 'Null', 2671, '220034'),
(20282, '2.5', '6.9', 'Null', 2671, '220086'),
(20283, '3', '7.7', 'Null', 2671, '220239'),
(20284, '2.5', '3.6', 'Null', 2671, '220265'),
(20285, '2', '5.9', 'Null', 2671, '220267'),
(20286, '3', '7.8', 'Null', 2671, '320045'),
(20287, '3', '7', 'Null', 2672, '220055'),
(20288, '2.5', '6.6', 'Null', 2672, '220060'),
(20289, '3', '7.5', 'Null', 2672, '220071'),
(20290, '3', '7.4', 'Null', 2672, '220109'),
(20291, '1.5', '5', 'Null', 2672, '220126'),
(20292, '1', '4.9', 'Null', 2672, '220242'),
(20293, '1', '4', 'Null', 2672, '410292'),
(20294, '3', '7.2', 'Null', 2672, '420000'),
(20295, '2.5', '6.5', 'Null', 2673, '220057'),
(20296, '2', '5.9', 'Null', 2673, '220064'),
(20297, '3', '7.4', 'Null', 2673, '220078'),
(20298, '1.5', '5', 'Null', 2673, '220120'),
(20299, '1', '4.8', 'Null', 2673, '220243'),
(20300, '3.5', '8', 'Null', 2673, '220266'),
(20301, '2.5', '6.6', 'Null', 2673, '220268'),
(20302, '3.5', '8.2', 'Null', 2674, '110001'),
(20303, '3', '7.4', 'Null', 2674, '110042'),
(20304, '3.5', '8.7', 'Null', 2674, '180050'),
(20305, '3.5', '8.4', 'Null', 2674, '190081'),
(20306, '3', '7.9', 'Null', 2674, '190082'),
(20307, '3.5', '8', 'Null', 2674, '190083'),
(20308, '3', '7', 'Null', 2674, '190084'),
(20309, '3.5', '8.4', 'Null', 2674, '191'),
(20310, '4', '9.1', 'Null', 2674, '220092'),
(20311, '4', '9.9', 'Null', 2674, '220228'),
(20312, '3.5', '8.3', 'Null', 2674, '450015'),
(20313, '3', '7.4', 'Null', 2675, '110003'),
(20314, '3.5', '8', 'Null', 2675, '170011'),
(20315, '3.5', '8', 'Null', 2675, '180051'),
(20316, '3.5', '8.8', 'Null', 2675, '220233'),
(20317, '3.5', '8.3', 'Null', 2675, '220234'),
(20318, '1', '4.7', 'Null', 2675, '290000'),
(20319, '3', '7.7', 'Null', 2675, '410292'),
(20320, '3.5', '8.1', 'Null', 2675, '640033'),
(20321, '3', '7.8', 'Null', 2676, '110002'),
(20322, '3.5', '8.2', 'Null', 2676, '110079'),
(20323, '4', '9.2', 'Null', 2676, '180052'),
(20324, '4', '9.5', 'Null', 2676, '220096'),
(20325, '3', '7.9', 'Null', 2676, '220099'),
(20326, '3', '7.9', 'Null', 2676, '220100'),
(20327, '3.5', '8.9', 'Null', 2676, '410293'),
(20328, '3.5', '8.3', 'Null', 2677, '110057'),
(20329, '3.5', '8.3', 'Null', 2677, '180001'),
(20330, '3', '7', 'Null', 2677, '220018'),
(20331, '2.5', '6.8', 'Null', 2677, '220101'),
(20332, '3', '7.6', 'Null', 2677, '220236'),
(20333, '3.5', '8.4', 'Null', 2677, '220237'),
(20334, '4', '9.4', 'Null', 2677, '220250'),
(20335, '3', '7.1', 'Null', 2677, '410294'),
(20336, '3.5', '8.3', 'Null', 2678, '180053'),
(20337, '3.5', '8.3', 'Null', 2678, '220034'),
(20338, '3', '7.7', 'Null', 2678, '220086'),
(20339, '3.5', '8.7', 'Null', 2678, '220239'),
(20340, '3.5', '8.5', 'Null', 2678, '220265'),
(20341, '2.5', '6.6', 'Null', 2678, '220267'),
(20342, '3.5', '8.1', 'Null', 2678, '320045'),
(20343, '3.5', '8.5', 'Null', 2679, '220055'),
(20344, '3.5', '8.4', 'Null', 2679, '220060'),
(20345, '3.5', '8.2', 'Null', 2679, '220071'),
(20346, '3.5', '8.4', 'Null', 2679, '220109'),
(20347, '3', '7', 'Null', 2679, '220126'),
(20348, '2.5', '6.9', 'Null', 2679, '220242'),
(20349, '3.5', '8.8', 'Null', 2679, '410292'),
(20350, '3.5', '8.5', 'Null', 2680, '220057'),
(20351, '3', '7.8', 'Null', 2680, '220064'),
(20352, '3.5', '8.2', 'Null', 2680, '220078'),
(20353, '2.5', '6.9', 'Null', 2680, '220120'),
(20354, '3.5', '8.7', 'Null', 2680, '220243'),
(20355, '4', '9', 'Null', 2680, '220266'),
(20356, '3.5', '8.7', 'Null', 2680, '220268'),
(20357, '4', '9.3', 'Null', 2681, '110001'),
(20358, '3.5', '8.7', 'Null', 2681, '110042'),
(20359, '3.5', '8.7', 'Null', 2681, '180050'),
(20360, '3.5', '8.3', 'Null', 2681, '190081'),
(20361, '3.5', '8', 'Null', 2681, '190082'),
(20362, '3', '7.8', 'Null', 2681, '190083'),
(20363, '3', '7.5', 'Null', 2681, '190084'),
(20364, '3.5', '8.3', 'Null', 2681, '191'),
(20365, '4', '9.5', 'Null', 2681, '220092'),
(20366, '4', '10', 'Null', 2681, '220228'),
(20367, '2.5', '6.6', 'Null', 2681, '410291'),
(20368, '4', '9.5', 'Null', 2681, '450015'),
(20369, '3.5', '8', 'Null', 2682, '110003'),
(20370, '3.5', '8.3', 'Null', 2682, '170011'),
(20371, '3', '7.5', 'Null', 2682, '180051'),
(20372, '4', '9.8', 'Null', 2682, '220233'),
(20373, '3.5', '8.1', 'Null', 2682, '220234'),
(20374, '1', '4.9', 'Null', 2682, '290000'),
(20375, '3', '7.2', 'Null', 2682, '410292'),
(20376, '2.5', '6.6', 'Null', 2682, '640033'),
(20377, '3', '7.5', 'Null', 2683, '110002'),
(20378, '3.5', '8.2', 'Null', 2683, '110079'),
(20379, '3', '7.2', 'Null', 2683, '180052'),
(20380, '4', '9.2', 'Null', 2683, '220096'),
(20381, '3.5', '8.9', 'Null', 2683, '220099'),
(20382, '3', '7', 'Null', 2683, '220100'),
(20383, '2', '6.3', 'Null', 2683, '410293'),
(20384, '3.5', '8.5', 'Null', 2684, '110057'),
(20385, '3', '7', 'Null', 2684, '180001'),
(20386, '2.5', '6.8', 'Null', 2684, '220018'),
(20387, '3', '7.2', 'Null', 2684, '220101'),
(20388, '4', '9.3', 'Null', 2684, '220236'),
(20389, '4', '9.1', 'Null', 2684, '220237'),
(20390, '3', '7.9', 'Null', 2684, '220250'),
(20391, '2', '5.6', 'Null', 2684, '410294'),
(20392, '2', '5.9', 'Null', 2685, '180053'),
(20393, '3', '7.9', 'Null', 2685, '220034'),
(20394, '3.5', '8.1', 'Null', 2685, '220086'),
(20395, '3.5', '8.7', 'Null', 2685, '220239'),
(20396, '4', '9', 'Null', 2685, '220265'),
(20397, '2', '6.2', 'Null', 2685, '220267'),
(20398, '3.5', '8.3', 'Null', 2685, '320045'),
(20399, '3.5', '8.2', 'Null', 2686, '220055'),
(20400, '3.5', '8.7', 'Null', 2686, '220060'),
(20401, '4', '9', 'Null', 2686, '220071'),
(20402, '3.5', '8.3', 'Null', 2686, '220109'),
(20403, '2.5', '6.5', 'Null', 2686, '220126'),
(20404, '3', '7.6', 'Null', 2686, '220242');
INSERT INTO `chi_tiet_bang_diem` (`Ma_CTBD`, `Diem_he_4`, `Diem_he_10`, `Diem_he_10_lan_2`, `Ma_bang_diem`, `Ma_mon_hoc`) VALUES
(20405, '3.5', '8.6', 'Null', 2686, '410292'),
(20406, '3.5', '8.8', 'Null', 2687, '220057'),
(20407, '4', '9.1', 'Null', 2687, '220064'),
(20408, '3.5', '8.7', 'Null', 2687, '220078'),
(20409, '3', '7.5', 'Null', 2687, '220120'),
(20410, '4', '9', 'Null', 2687, '220243'),
(20411, '4', '10', 'Null', 2687, '220266'),
(20412, '4', '9.1', 'Null', 2687, '220268'),
(20413, '1.5', '5.3', 'Null', 2688, '110001'),
(20414, '2.5', '3', 'Null', 2688, '110042'),
(20415, '2', '6.3', 'Null', 2688, '180050'),
(20416, '3', '7', 'Null', 2688, '190081'),
(20417, '3.5', '8.9', 'Null', 2688, '190082'),
(20418, '3', '7', 'Null', 2688, '190083'),
(20419, '3', '7', 'Null', 2688, '190084'),
(20420, '4', '9.7', 'Null', 2688, '191'),
(20421, '3.5', '8.8', 'Null', 2688, '220092'),
(20422, '2.5', '6.8', 'Null', 2688, '220228'),
(20423, '1.5', '5.2', 'Null', 2688, '410291'),
(20424, '3', '7.8', 'Null', 2688, '450015'),
(20425, '1.5', '5.3', 'Null', 2689, '110003'),
(20426, '3', '7.7', 'Null', 2689, '170011'),
(20427, '3', '7.3', 'Null', 2689, '180051'),
(20428, '3.5', '8', 'Null', 2689, '220233'),
(20429, '3', '7.9', 'Null', 2689, '220234'),
(20430, '1.5', '5', 'Null', 2689, '290000'),
(20431, '2', '6.2', 'Null', 2689, '410292'),
(20432, '3', '7.9', 'Null', 2689, '640033'),
(20433, '2', '5.9', 'Null', 2690, '110002'),
(20434, '1.5', '5.2', 'Null', 2690, '110079'),
(20435, '1.5', '5.4', 'Null', 2690, '180052'),
(20436, '3', '7.4', 'Null', 2690, '220096'),
(20437, '1', '4.7', 'Null', 2690, '220099'),
(20438, '1', '4.3', 'Null', 2690, '220100'),
(20439, '1.5', '5.3', 'Null', 2690, '410293'),
(20440, '2', '6.3', 'Null', 2691, '110057'),
(20441, '3', '7', 'Null', 2691, '180001'),
(20442, '2.5', '6.7', 'Null', 2691, '220018'),
(20443, '2', '6.3', 'Null', 2691, '220101'),
(20444, '1', '4.1', 'Null', 2691, '220236'),
(20445, '1.5', '5.4', 'Null', 2691, '220237'),
(20446, '2.5', '6.5', 'Null', 2691, '220250'),
(20447, '1.5', '5.1', 'Null', 2691, '410294'),
(20448, '2', '5.5', 'Null', 2692, '180053'),
(20449, '3.5', '8.1', 'Null', 2692, '220034'),
(20450, '2', '5.8', 'Null', 2692, '220086'),
(20451, '2', '6.4', 'Null', 2692, '220239'),
(20452, '2.5', '6.5', 'Null', 2692, '220265'),
(20453, '2', '6.2', 'Null', 2692, '220267'),
(20454, '2.5', '6.5', 'Null', 2692, '320045'),
(20455, '2.5', '6.5', 'Null', 2693, '220055'),
(20456, '3', '7.3', 'Null', 2693, '220060'),
(20457, '0', '0', 'Null', 2693, '220071'),
(20458, '3', '7.6', 'Null', 2693, '220109'),
(20459, '2', '5.8', 'Null', 2693, '220126'),
(20460, '2', '6.2', 'Null', 2693, '220242'),
(20461, '3', '7.7', 'Null', 2693, '410292'),
(20462, '3', '7.5', 'Null', 2694, '220057'),
(20463, '2', '5.7', 'Null', 2694, '220064'),
(20464, '3', '7', 'Null', 2694, '220078'),
(20465, '0', '0', 'Null', 2694, '220120'),
(20466, '2', '6.2', 'Null', 2694, '220243'),
(20467, '0', '0', 'Null', 2694, '220266'),
(20468, '2.5', '6.9', 'Null', 2694, '220268'),
(20469, '1.5', '5.3', 'Null', 2695, '110001'),
(20470, '2.5', '3', 'Null', 2695, '110042'),
(20471, '2', '6.3', 'Null', 2695, '180050'),
(20472, '3', '7', 'Null', 2695, '190081'),
(20473, '3.5', '8.9', 'Null', 2695, '190082'),
(20474, '3', '7', 'Null', 2695, '190083'),
(20475, '3', '7', 'Null', 2695, '190084'),
(20476, '4', '9.7', 'Null', 2695, '191'),
(20477, '3.5', '8.8', 'Null', 2695, '220092'),
(20478, '2.5', '6.8', 'Null', 2695, '220228'),
(20479, '1.5', '5.2', 'Null', 2695, '410291'),
(20480, '3', '7.8', 'Null', 2695, '450015'),
(20481, '1.5', '5.3', 'Null', 2696, '110003'),
(20482, '3', '7.7', 'Null', 2696, '170011'),
(20483, '3', '7.3', 'Null', 2696, '180051'),
(20484, '3.5', '8', 'Null', 2696, '220233'),
(20485, '3', '7.9', 'Null', 2696, '220234'),
(20486, '1.5', '5', 'Null', 2696, '290000'),
(20487, '2', '6.2', 'Null', 2696, '410292'),
(20488, '3', '7.9', 'Null', 2696, '640033'),
(20489, '2', '5.9', 'Null', 2697, '110002'),
(20490, '1.5', '5.2', 'Null', 2697, '110079'),
(20491, '1.5', '5.4', 'Null', 2697, '180052'),
(20492, '3', '7.4', 'Null', 2697, '220096'),
(20493, '1', '4.7', 'Null', 2697, '220099'),
(20494, '1', '4.3', 'Null', 2697, '220100'),
(20495, '1.5', '5.3', 'Null', 2697, '410293'),
(20496, '2', '6.3', 'Null', 2698, '110057'),
(20497, '3', '7', 'Null', 2698, '180001'),
(20498, '2.5', '6.7', 'Null', 2698, '220018'),
(20499, '2', '6.3', 'Null', 2698, '220101'),
(20500, '1', '4.1', 'Null', 2698, '220236'),
(20501, '1.5', '5.4', 'Null', 2698, '220237'),
(20502, '2.5', '6.5', 'Null', 2698, '220250'),
(20503, '1.5', '5.1', 'Null', 2698, '410294'),
(20504, '2', '5.5', 'Null', 2699, '180053'),
(20505, '3.5', '8.1', 'Null', 2699, '220034'),
(20506, '2', '5.8', 'Null', 2699, '220086'),
(20507, '2', '6.4', 'Null', 2699, '220239'),
(20508, '2.5', '6.5', 'Null', 2699, '220265'),
(20509, '2', '6.2', 'Null', 2699, '220267'),
(20510, '2.5', '6.5', 'Null', 2699, '320045'),
(20511, '2.5', '6.5', 'Null', 2700, '220055'),
(20512, '3', '7.3', 'Null', 2700, '220060'),
(20513, '0', '0', 'Null', 2700, '220071'),
(20514, '3', '7.6', 'Null', 2700, '220109'),
(20515, '2', '5.8', 'Null', 2700, '220126'),
(20516, '2', '6.2', 'Null', 2700, '220242'),
(20517, '3', '7.7', 'Null', 2700, '410292'),
(20518, '3', '7.5', 'Null', 2701, '220057'),
(20519, '2', '5.7', 'Null', 2701, '220064'),
(20520, '3', '7', 'Null', 2701, '220078'),
(20521, '0', '0', 'Null', 2701, '220120'),
(20522, '2', '6.2', 'Null', 2701, '220243'),
(20523, '0', '0', 'Null', 2701, '220266'),
(20524, '2.5', '6.9', 'Null', 2701, '220268'),
(20525, '2.5', '6.5', 'Null', 2702, '110001'),
(20526, '1', '4.9', 'Null', 2702, '110042'),
(20527, '2.5', '6.5', 'Null', 2702, '180050'),
(20528, '3', '7.4', 'Null', 2702, '190081'),
(20529, '4', '9.3', 'Null', 2702, '190082'),
(20530, '3', '7.5', 'Null', 2702, '190083'),
(20531, '3', '7.8', 'Null', 2702, '190084'),
(20532, '3', '7.7', 'Null', 2702, '191'),
(20533, '3.5', '8.9', 'Null', 2702, '220092'),
(20534, '2.5', '6.5', 'Null', 2702, '220228'),
(20535, '2', '6', 'Null', 2702, '410291'),
(20536, '3', '7', 'Null', 2702, '450015'),
(20537, '2', '5.5', 'Null', 2703, '110003'),
(20538, '2.5', '6.5', 'Null', 2703, '170011'),
(20539, '3', '7.5', 'Null', 2703, '180051'),
(20540, '3', '7.1', 'Null', 2703, '220233'),
(20541, '3', '7', 'Null', 2703, '220234'),
(20542, '2', '5.5', 'Null', 2703, '290000'),
(20543, '2.5', '6.8', 'Null', 2703, '410292'),
(20544, '3', '7.6', 'Null', 2703, '640033'),
(20545, '3', '7.3', 'Null', 2704, '110002'),
(20546, '2', '5.8', 'Null', 2704, '110079'),
(20547, '3', '7.1', 'Null', 2704, '180052'),
(20548, '3.5', '8.9', 'Null', 2704, '220096'),
(20549, '2', '6.1', 'Null', 2704, '220099'),
(20550, '1', '4.7', 'Null', 2704, '220100'),
(20551, '3', '7.1', 'Null', 2704, '410293'),
(20552, '1.5', '5.2', 'Null', 2705, '110057'),
(20553, '2.5', '6.7', 'Null', 2705, '180001'),
(20554, '2.5', '6.9', 'Null', 2705, '220018'),
(20555, '2', '5.9', 'Null', 2705, '220101'),
(20556, '3', '7.9', 'Null', 2705, '220236'),
(20557, '3', '7', 'Null', 2705, '220237'),
(20558, '2.5', '6.9', 'Null', 2705, '220250'),
(20559, '2.5', '6.6', 'Null', 2705, '410294'),
(20560, '2', '6.2', 'Null', 2706, '180053'),
(20561, '3', '7.8', 'Null', 2706, '220034'),
(20562, '2', '6.2', 'Null', 2706, '220086'),
(20563, '3', '7', 'Null', 2706, '220239'),
(20564, '3.5', '8', 'Null', 2706, '220265'),
(20565, '2', '6.3', 'Null', 2706, '220267'),
(20566, '3', '7.7', 'Null', 2706, '320045'),
(20567, '3', '7', 'Null', 2707, '220055'),
(20568, '3', '7.9', 'Null', 2707, '220060'),
(20569, '3.5', '8.3', 'Null', 2707, '220071'),
(20570, '3', '7.4', 'Null', 2707, '220109'),
(20571, '2', '5.8', 'Null', 2707, '220126'),
(20572, '2', '5.7', 'Null', 2707, '220242'),
(20573, '3', '7.5', 'Null', 2707, '410292'),
(20574, '3', '7.2', 'Null', 2708, '220057'),
(20575, '2.5', '6.9', 'Null', 2708, '220064'),
(20576, '3', '7.7', 'Null', 2708, '220078'),
(20577, '2', '6.2', 'Null', 2708, '220120'),
(20578, '3', '7.4', 'Null', 2708, '220243'),
(20579, '4', '9', 'Null', 2708, '220266'),
(20580, '2.5', '6.7', 'Null', 2708, '220268'),
(20581, '4', '9', 'Null', 2709, '110001'),
(20582, '2.5', '6.5', 'Null', 2709, '110042'),
(20583, '3.5', '8.5', 'Null', 2709, '180050'),
(20584, '2.5', '6.9', 'Null', 2709, '190081'),
(20585, '3.5', '8.2', 'Null', 2709, '190082'),
(20586, '2.5', '6.5', 'Null', 2709, '190083'),
(20587, '2.5', '6.8', 'Null', 2709, '190084'),
(20588, '3.5', '8', 'Null', 2709, '191'),
(20589, '3.5', '8.7', 'Null', 2709, '220092'),
(20590, '4', '9.3', 'Null', 2709, '220228'),
(20591, '2.5', '6.9', 'Null', 2709, '410291'),
(20592, '3.5', '8', 'Null', 2709, '450015'),
(20593, '2', '5.9', 'Null', 2710, '110003'),
(20594, '3', '7.4', 'Null', 2710, '170011'),
(20595, '3.5', '8', 'Null', 2710, '180051'),
(20596, '4', '9.7', 'Null', 2710, '220233'),
(20597, '3', '7.9', 'Null', 2710, '220234'),
(20598, '1.5', '5.4', 'Null', 2710, '290000'),
(20599, '3', '7', 'Null', 2710, '410292'),
(20600, '3', '7.7', 'Null', 2710, '640033'),
(20601, '3', '7.4', 'Null', 2711, '110002'),
(20602, '3', '7.7', 'Null', 2711, '110079'),
(20603, '2', '6.4', 'Null', 2711, '180052'),
(20604, '3', '7.9', 'Null', 2711, '220096'),
(20605, '2', '5.5', 'Null', 2711, '220099'),
(20606, '2.5', '6.7', 'Null', 2711, '220100'),
(20607, '3', '7.1', 'Null', 2711, '410293'),
(20608, '3.5', '8', 'Null', 2712, '110057'),
(20609, '3', '7.3', 'Null', 2712, '180001'),
(20610, '2.5', '6.8', 'Null', 2712, '220018'),
(20611, '2.5', '6.8', 'Null', 2712, '220101'),
(20612, '3', '7.6', 'Null', 2712, '220236'),
(20613, '2', '6.4', 'Null', 2712, '220237'),
(20614, '3.5', '8.1', 'Null', 2712, '220250'),
(20615, '2', '6.2', 'Null', 2712, '410294'),
(20616, '2.5', '6.9', 'Null', 2713, '180053'),
(20617, '3.5', '8', 'Null', 2713, '220034'),
(20618, '3.5', '8', 'Null', 2713, '220086'),
(20619, '3', '7.9', 'Null', 2713, '220239'),
(20620, '4', '9.3', 'Null', 2713, '220265'),
(20621, '2', '6.4', 'Null', 2713, '220267'),
(20622, '3', '7.5', 'Null', 2713, '320045'),
(20623, '3', '7.4', 'Null', 2714, '220055'),
(20624, '3.5', '8.8', 'Null', 2714, '220060'),
(20625, '3.5', '8.5', 'Null', 2714, '220071'),
(20626, '3.5', '8.4', 'Null', 2714, '220109'),
(20627, '1', '4.9', 'Null', 2714, '220126'),
(20628, '2', '5.5', 'Null', 2714, '220242'),
(20629, '3', '7.5', 'Null', 2714, '410292'),
(20630, '3.5', '8.2', 'Null', 2715, '220057'),
(20631, '3.5', '8.3', 'Null', 2715, '220064'),
(20632, '3.5', '8.2', 'Null', 2715, '220078'),
(20633, '2', '5.8', 'Null', 2715, '220120'),
(20634, '3', '7.8', 'Null', 2715, '220243'),
(20635, '4', '9.3', 'Null', 2715, '220266'),
(20636, '3.5', '8.5', 'Null', 2715, '220268'),
(20637, '2.5', '6.6', 'Null', 2716, '110001'),
(20638, '3', '7.3', 'Null', 2716, '110042'),
(20639, '2', '6.2', 'Null', 2716, '180050'),
(20640, '2.5', '6.5', 'Null', 2716, '190081'),
(20641, '4', '9', 'Null', 2716, '190082'),
(20642, '3', '7.3', 'Null', 2716, '190083'),
(20643, '3', '7.5', 'Null', 2716, '190084'),
(20644, '3', '7.7', 'Null', 2716, '191'),
(20645, '4', '9.1', 'Null', 2716, '220092'),
(20646, '3.5', '8.8', 'Null', 2716, '220228'),
(20647, '3', '7.3', 'Null', 2716, '450015'),
(20648, '3', '7.5', 'Null', 2717, '110003'),
(20649, '3.5', '8.1', 'Null', 2717, '170011'),
(20650, '3', '7.3', 'Null', 2717, '180051'),
(20651, '3.5', '8.2', 'Null', 2717, '220233'),
(20652, '2', '6.2', 'Null', 2717, '220234'),
(20653, '1.5', '5', 'Null', 2717, '290000'),
(20654, '2', '5.7', 'Null', 2717, '640033'),
(20655, '3', '7.9', 'Null', 2718, '110002'),
(20656, '1', '4.9', 'Null', 2718, '110079'),
(20657, '2.5', '6.8', 'Null', 2718, '180052'),
(20658, '3.5', '8.9', 'Null', 2718, '220096'),
(20659, '1', '4.9', 'Null', 2718, '220099'),
(20660, '1', '4.7', 'Null', 2718, '220100'),
(20661, '3.5', '8.6', 'Null', 2718, '410293'),
(20662, '1.5', '5.2', 'Null', 2719, '110057'),
(20663, '3', '7.2', 'Null', 2719, '180001'),
(20664, '2', '6.3', 'Null', 2719, '220018'),
(20665, '2', '5.7', 'Null', 2719, '220101'),
(20666, '1.5', '5.2', 'Null', 2719, '220236'),
(20667, '2', '6.1', 'Null', 2719, '220237'),
(20668, '3.5', '8.4', 'Null', 2719, '220250'),
(20669, '3.5', '8.5', 'Null', 2719, '410294'),
(20670, '2.5', '6.9', 'Null', 2720, '180053'),
(20671, '3', '7.3', 'Null', 2720, '220034'),
(20672, '2', '5.7', 'Null', 2720, '220086'),
(20673, '3', '7.4', 'Null', 2720, '220239'),
(20674, '3.5', '8.4', 'Null', 2720, '220265'),
(20675, '2', '5.8', 'Null', 2720, '220267'),
(20676, '2', '6.3', 'Null', 2720, '320045'),
(20677, '3', '7.8', 'Null', 2721, '220055'),
(20678, '3', '7.8', 'Null', 2721, '220060'),
(20679, '3.5', '8', 'Null', 2721, '220071'),
(20680, '3.5', '8.3', 'Null', 2721, '220109'),
(20681, '2', '6.4', 'Null', 2721, '220126'),
(20682, '2', '6.2', 'Null', 2721, '220242'),
(20683, '3', '7.4', 'Null', 2721, '410292'),
(20684, '2.5', '6.5', 'Null', 2722, '220057'),
(20685, '3', '7.1', 'Null', 2722, '220064'),
(20686, '3', '7.8', 'Null', 2722, '220078'),
(20687, '2', '5.7', 'Null', 2722, '220120'),
(20688, '2.5', '6.7', 'Null', 2722, '220243'),
(20689, '2', '6', 'Null', 2722, '220266'),
(20690, '2.5', '6.6', 'Null', 2722, '220268'),
(20691, '2.5', '6.8', 'Null', 2723, '110001'),
(20692, '1.5', '5', 'Null', 2723, '110042'),
(20693, '1.5', '5.4', 'Null', 2723, '180050'),
(20694, '3', '7.3', 'Null', 2723, '190081'),
(20695, '3.5', '8.9', 'Null', 2723, '190082'),
(20696, '3', '7.5', 'Null', 2723, '190083'),
(20697, '2', '6.4', 'Null', 2723, '190084'),
(20698, '3', '7.8', 'Null', 2723, '191'),
(20699, '3.5', '8.8', 'Null', 2723, '220092'),
(20700, '2', '5.5', 'Null', 2723, '220228'),
(20701, '1.5', '5.3', 'Null', 2723, '410291'),
(20702, '4', '9.3', 'Null', 2723, '450015'),
(20703, '2', '6.3', 'Null', 2724, '110003'),
(20704, '3', '7.4', 'Null', 2724, '170011'),
(20705, '3.5', '8.5', 'Null', 2724, '180051'),
(20706, '4', '9.7', 'Null', 2724, '220233'),
(20707, '2', '6.1', 'Null', 2724, '220234'),
(20708, '1', '4.9', 'Null', 2724, '290000'),
(20709, '2.5', '6.9', 'Null', 2724, '410292'),
(20710, '3', '7.3', 'Null', 2724, '640033'),
(20711, '3', '7.5', 'Null', 2725, '110002'),
(20712, '1.5', '5.3', 'Null', 2725, '110079'),
(20713, '3', '7.3', 'Null', 2725, '180052'),
(20714, '4', '9.3', 'Null', 2725, '220096'),
(20715, '1.5', '3.9', 'Null', 2725, '220099'),
(20716, '2.5', '6.5', 'Null', 2725, '220100'),
(20717, '3', '7.3', 'Null', 2725, '410293'),
(20718, '1.5', '5.1', 'Null', 2726, '110057'),
(20719, '3', '7.8', 'Null', 2726, '180001'),
(20720, '2', '6.1', 'Null', 2726, '220018'),
(20721, '2', '6.3', 'Null', 2726, '220101'),
(20722, '3', '7.7', 'Null', 2726, '220236'),
(20723, '2', '5.8', 'Null', 2726, '220237'),
(20724, '2', '5.5', 'Null', 2726, '220250'),
(20725, '2', '5.9', 'Null', 2726, '410294'),
(20726, '3', '7', 'Null', 2727, '180053'),
(20727, '3', '7.9', 'Null', 2727, '220034'),
(20728, '3.5', '8.3', 'Null', 2727, '220086'),
(20729, '3.5', '8.3', 'Null', 2727, '220239'),
(20730, '4', '9.5', 'Null', 2727, '220265'),
(20731, '2.5', '6.6', 'Null', 2727, '220267'),
(20732, '3', '7.4', 'Null', 2727, '320045'),
(20733, '3', '7.8', 'Null', 2728, '220055'),
(20734, '3.5', '8.4', 'Null', 2728, '220060'),
(20735, '3.5', '8', 'Null', 2728, '220071'),
(20736, '3.5', '8.3', 'Null', 2728, '220109'),
(20737, '2', '5.5', 'Null', 2728, '220126'),
(20738, '2', '6.1', 'Null', 2728, '220242'),
(20739, '3', '7.3', 'Null', 2728, '410292'),
(20740, '3.5', '8.1', 'Null', 2729, '220057'),
(20741, '3.5', '8.3', 'Null', 2729, '220064'),
(20742, '3.5', '8.3', 'Null', 2729, '220078'),
(20743, '3', '7.9', 'Null', 2729, '220120'),
(20744, '3.5', '8.8', 'Null', 2729, '220243'),
(20745, '4', '9.5', 'Null', 2729, '220266'),
(20746, '3.5', '8.4', 'Null', 2729, '220268'),
(20747, '2.5', '6.9', 'Null', 2730, '110001'),
(20748, '2', '6.4', 'Null', 2730, '110042'),
(20749, '3', '7', 'Null', 2730, '180050'),
(20750, '3', '7.5', 'Null', 2730, '190081'),
(20751, '3', '7.7', 'Null', 2730, '190082'),
(20752, '2.5', '6.5', 'Null', 2730, '190083'),
(20753, '3', '7.5', 'Null', 2730, '190084'),
(20754, '1.5', '5.4', 'Null', 2730, '191'),
(20755, '3', '7.8', 'Null', 2730, '220092'),
(20756, '2', '5.7', 'Null', 2730, '220228'),
(20757, '3', '7.5', 'Null', 2730, '450015'),
(20758, '2', '3.8', '6', 2731, '110003'),
(20759, '2.5', '6.8', 'Null', 2731, '170011'),
(20760, '3', '7', 'Null', 2731, '180051'),
(20761, '2', '6.3', 'Null', 2731, '220233'),
(20762, '1', '4.9', 'Null', 2731, '220234'),
(20763, '1.5', '5.2', 'Null', 2731, '290000'),
(20764, '3', '7.1', 'Null', 2731, '410292'),
(20765, '3', '7.3', 'Null', 2731, '640033'),
(20766, '2.5', '6.6', 'Null', 2732, '110002'),
(20767, '1.5', '5.4', 'Null', 2732, '110079'),
(20768, '2', '6.4', 'Null', 2732, '180052'),
(20769, '2', '5.9', 'Null', 2732, '220096'),
(20770, '1', '4.4', 'Null', 2732, '220099'),
(20771, '2', '5.6', 'Null', 2732, '220100'),
(20772, '3', '7.5', 'Null', 2732, '410293'),
(20773, '1', '4.3', 'Null', 2733, '110057'),
(20774, '3', '7.4', 'Null', 2733, '180001'),
(20775, '2.5', '6.5', 'Null', 2733, '220018'),
(20776, '2', '5.6', 'Null', 2733, '220101'),
(20777, '2', '5.7', 'Null', 2733, '220236'),
(20778, '3', '7.5', 'Null', 2733, '220237'),
(20779, '2.5', '6.8', 'Null', 2733, '220250'),
(20780, '1', '4.9', 'Null', 2733, '410294'),
(20781, '2.5', '6.9', 'Null', 2734, '180053'),
(20782, '2.5', '6.8', 'Null', 2734, '220034'),
(20783, '1.5', '5.2', 'Null', 2734, '220086'),
(20784, '3', '7.3', 'Null', 2734, '220239'),
(20785, '3.5', '8', 'Null', 2734, '220265'),
(20786, '2', '6.2', 'Null', 2734, '220267'),
(20787, '2', '6.1', 'Null', 2734, '320045'),
(20788, '3', '7', 'Null', 2735, '220055'),
(20789, '3', '7.5', 'Null', 2735, '220060'),
(20790, '3', '7.5', 'Null', 2735, '220071'),
(20791, '3', '7.2', 'Null', 2735, '220109'),
(20792, '1', '4.7', 'Null', 2735, '220126'),
(20793, '0', '3.9', 'Null', 2735, '220242'),
(20794, '2.5', '6.9', 'Null', 2735, '410292'),
(20795, '2', '6.4', 'Null', 2736, '220057'),
(20796, '2.5', '6.6', 'Null', 2736, '220064'),
(20797, '3', '7.7', 'Null', 2736, '220078'),
(20798, '2', '6.2', 'Null', 2736, '220120'),
(20799, '2', '6.2', 'Null', 2736, '220243'),
(20800, '3', '7.8', 'Null', 2736, '220266'),
(20801, '2.5', '6.6', 'Null', 2736, '220268'),
(20802, '2', '5.6', 'Null', 2737, '110001'),
(20803, '2', '6', 'Null', 2737, '110042'),
(20804, '1', '4.5', 'Null', 2737, '180050'),
(20805, '2.5', '6.9', 'Null', 2737, '190081'),
(20806, '3', '7.4', 'Null', 2737, '190082'),
(20807, '3', '7', 'Null', 2737, '190083'),
(20808, '3', '7.3', 'Null', 2737, '190084'),
(20809, '4', '9', 'Null', 2737, '191'),
(20810, '3.5', '8.5', 'Null', 2737, '220092'),
(20811, '1', '4.3', 'Null', 2737, '220228'),
(20812, '2', '5.5', 'Null', 2737, '410291'),
(20813, '3.5', '8.5', 'Null', 2737, '450015'),
(20814, '1', '4.1', 'Null', 2738, '110003'),
(20815, '3', '7.2', 'Null', 2738, '170011'),
(20816, '3', '7.8', 'Null', 2738, '180051'),
(20817, '3', '7.9', 'Null', 2738, '220233'),
(20818, '2', '5.8', 'Null', 2738, '220234'),
(20819, '0', '1.5', 'Null', 2738, '290000'),
(20820, '2', '5.9', 'Null', 2738, '640033'),
(20821, '2', '5.5', 'Null', 2739, '110002'),
(20822, '1', '4.3', 'Null', 2739, '110079'),
(20823, '2', '6.3', 'Null', 2739, '180052'),
(20824, '2.5', '6.8', 'Null', 2739, '220096'),
(20825, '1', '3.3', 'Null', 2739, '220099'),
(20826, '1', '4.9', 'Null', 2739, '220100'),
(20827, '2', '5.8', 'Null', 2740, '110057'),
(20828, '2', '5.8', 'Null', 2740, '180001'),
(20829, '1.5', '5.2', 'Null', 2740, '220018'),
(20830, '2', '6.3', 'Null', 2740, '220101'),
(20831, '1.5', '5.2', 'Null', 2740, '220236'),
(20832, '1.5', '5.1', 'Null', 2740, '220237'),
(20833, '2', '6.3', 'Null', 2740, '220250'),
(20834, '1.5', '5.4', 'Null', 2741, '180053'),
(20835, '3', '7', 'Null', 2741, '220034'),
(20836, '1', '4.4', 'Null', 2741, '220086'),
(20837, '2.5', '6.5', 'Null', 2741, '220239'),
(20838, '3.5', '8', 'Null', 2741, '220265'),
(20839, '2', '6.1', 'Null', 2741, '220267'),
(20840, '1.5', '5', 'Null', 2741, '320045'),
(20841, '2', '6', 'Null', 2742, '220055'),
(20842, '3', '7.5', 'Null', 2742, '220060'),
(20843, '3.5', '8', 'Null', 2742, '220071'),
(20844, '3', '7.5', 'Null', 2742, '220109'),
(20845, '0', '3.5', 'Null', 2742, '220126'),
(20846, '1', '4.9', 'Null', 2742, '220242'),
(20847, '1', '3.7', 'Null', 2742, '410292'),
(20848, '2', '5.9', 'Null', 2742, '420000'),
(20849, '3', '7.2', 'Null', 2743, '220057'),
(20850, '2', '5.9', 'Null', 2743, '220064'),
(20851, '3', '7.5', 'Null', 2743, '220078'),
(20852, '1', '4.3', 'Null', 2743, '220120'),
(20853, '1', '4.3', 'Null', 2743, '220243'),
(20854, '0', '2.8', 'Null', 2743, '220266'),
(20855, '2.5', '6.6', 'Null', 2743, '220268'),
(20856, '2.5', '6.5', 'Null', 2744, '110001'),
(20857, '1', '4.9', 'Null', 2744, '110042'),
(20858, '2.5', '6.5', 'Null', 2744, '180050'),
(20859, '3', '7.4', 'Null', 2744, '190081'),
(20860, '4', '9.3', 'Null', 2744, '190082'),
(20861, '3', '7.5', 'Null', 2744, '190083'),
(20862, '3', '7.8', 'Null', 2744, '190084'),
(20863, '3', '7.7', 'Null', 2744, '191'),
(20864, '3.5', '8.9', 'Null', 2744, '220092'),
(20865, '2.5', '6.5', 'Null', 2744, '220228'),
(20866, '2', '6', 'Null', 2744, '410291'),
(20867, '3', '7', 'Null', 2744, '450015'),
(20869, '2', '6.4', 'Null', 2746, '110001'),
(20870, '2', '5.6', 'Null', 2746, '110042'),
(20871, '2', '6.4', 'Null', 2746, '180050'),
(20872, '3.5', '8.3', 'Null', 2746, '190081'),
(20873, '3', '7.4', 'Null', 2746, '190082'),
(20874, '3', '7', 'Null', 2746, '190083'),
(20875, '2', '6', 'Null', 2746, '190084'),
(20876, '3.5', '8', 'Null', 2746, '191'),
(20877, '3', '7.9', 'Null', 2746, '220092'),
(20878, '1', '4.5', 'Null', 2746, '220228'),
(20879, '1', '4.3', 'Null', 2746, '410291'),
(20880, '2.5', '6.5', 'Null', 2746, '450015'),
(20881, '2.5', '6.9', 'Null', 2747, '110002'),
(20882, '3.5', '8.3', 'Null', 2748, '110001'),
(20883, '3.5', '8.4', 'Null', 2748, '110042'),
(20884, '3.5', '8.6', 'Null', 2748, '180050'),
(20885, '3', '7.7', 'Null', 2748, '190081'),
(20886, '3.5', '8.8', 'Null', 2748, '190082'),
(20887, '3.5', '8.3', 'Null', 2748, '190083'),
(20888, '3.5', '8.3', 'Null', 2748, '190084'),
(20889, '3', '7.8', 'Null', 2748, '191'),
(20890, '4', '9.3', 'Null', 2748, '220092'),
(20891, '4', '9.7', 'Null', 2748, '220228'),
(20892, '3.5', '8.2', 'Null', 2748, '410291'),
(20893, '3.5', '8.5', 'Null', 2748, '450015'),
(20894, '3.5', '8.1', 'Null', 2749, '110002'),
(20895, '2', '6.1', 'Null', 2750, '110001'),
(20896, '2', '5.9', 'Null', 2750, '110042'),
(20897, '3.5', '8.6', 'Null', 2750, '180050'),
(20898, '3', '7.8', 'Null', 2750, '190081'),
(20899, '3', '7.7', 'Null', 2750, '190082'),
(20900, '3', '7.5', 'Null', 2750, '190083'),
(20901, '3', '7.3', 'Null', 2750, '190084'),
(20902, '3.5', '8', 'Null', 2750, '191'),
(20903, '3.5', '8.8', 'Null', 2750, '220092'),
(20904, '1.5', '5.1', 'Null', 2750, '220228'),
(20905, '2', '6.3', 'Null', 2750, '410291'),
(20906, '2.5', '6.8', 'Null', 2750, '450015'),
(20907, '2', '6.3', 'Null', 2751, '110002'),
(20908, '2.5', '6.5', 'Null', 2752, '110001'),
(20909, '1', '4.8', 'Null', 2752, '110042'),
(20910, '3', '7.4', 'Null', 2752, '180050'),
(20911, '3', '7.8', 'Null', 2752, '190081'),
(20912, '3.5', '8', 'Null', 2752, '190082'),
(20913, '3', '7.5', 'Null', 2752, '190083'),
(20914, '3', '7.8', 'Null', 2752, '190084'),
(20915, '2', '6', 'Null', 2752, '191'),
(20916, '3.5', '8.3', 'Null', 2752, '220092'),
(20917, '1', '3.3', 'Null', 2752, '220228'),
(20918, '2', '6.3', 'Null', 2752, '450015'),
(20919, '3', '7.3', 'Null', 2753, '110002'),
(20920, '2', '5.6', 'Null', 2754, '110001'),
(20921, '2', '3.7', 'Null', 2754, '110042'),
(20922, '2.5', '6.9', 'Null', 2754, '180050'),
(20923, '3.5', '8.4', 'Null', 2754, '190081'),
(20924, '3.5', '8.2', 'Null', 2754, '190082'),
(20925, '2.5', '6.5', 'Null', 2754, '190083'),
(20926, '3', '7', 'Null', 2754, '190084'),
(20927, '3.5', '8.3', 'Null', 2754, '191'),
(20928, '3.5', '8.7', 'Null', 2754, '220092'),
(20929, '1.5', '5.4', 'Null', 2754, '220228'),
(20930, '1', '4.2', 'Null', 2754, '410291'),
(20931, '3', '7.3', 'Null', 2754, '450015'),
(20932, '3', '7.4', 'Null', 2755, '110002'),
(20933, '2.5', '6.7', 'Null', 2756, '110001'),
(20934, '1', '4.2', 'Null', 2756, '110042'),
(20935, '3.5', '8.4', 'Null', 2756, '180050'),
(20936, '3.5', '8.9', 'Null', 2756, '190081'),
(20937, '3.5', '8.8', 'Null', 2756, '190082'),
(20938, '3', '7.5', 'Null', 2756, '190083'),
(20939, '2', '6.3', 'Null', 2756, '190084'),
(20940, '2', '5.9', 'Null', 2756, '191'),
(20941, '4', '9', 'Null', 2756, '220092'),
(20942, '3', '7', 'Null', 2756, '220228'),
(20943, '2', '5.7', 'Null', 2756, '410291'),
(20944, '2', '6.3', 'Null', 2756, '450015'),
(20945, '2.5', '6.5', 'Null', 2757, '110002'),
(20946, '3', '7.5', 'Null', 2758, '110001'),
(20947, '1', '4.4', 'Null', 2758, '110042'),
(20948, '3', '7.2', 'Null', 2758, '180050'),
(20949, '3.5', '8.2', 'Null', 2758, '190081'),
(20950, '3', '7.8', 'Null', 2758, '190082'),
(20951, '3.5', '8.3', 'Null', 2758, '190083'),
(20952, '3', '7.5', 'Null', 2758, '190084'),
(20953, '3', '4.3', 'Null', 2758, '191'),
(20954, '4', '9.1', 'Null', 2758, '220092'),
(20955, '4', '9.1', 'Null', 2758, '220228'),
(20956, '2.5', '6.6', 'Null', 2758, '410291'),
(20957, '3', '7.8', 'Null', 2758, '450015'),
(20958, '2.5', '6.9', 'Null', 2759, '110002'),
(20959, '2.5', '6.9', 'Null', 2760, '110001'),
(20960, '1', '4.6', 'Null', 2760, '110042'),
(20961, '2', '6.4', 'Null', 2760, '180050'),
(20962, '2', '6', 'Null', 2760, '190081'),
(20963, '3', '7.8', 'Null', 2760, '190082'),
(20964, '2', '6', 'Null', 2760, '190083'),
(20965, '3', '7', 'Null', 2760, '190084'),
(20966, '2.5', '6.7', 'Null', 2760, '191'),
(20967, '3', '7.9', 'Null', 2760, '220092'),
(20968, '2', '5.7', 'Null', 2760, '220228'),
(20969, '1.5', '5', 'Null', 2760, '450015'),
(20970, '2.5', '6.9', 'Null', 2761, '110002'),
(20971, '3', '7.4', 'Null', 2762, '110001'),
(20972, '1', '4.7', 'Null', 2762, '110042'),
(20973, '3.5', '8.5', 'Null', 2762, '180050'),
(20974, '2.5', '6.7', 'Null', 2762, '190081'),
(20975, '3.5', '8', 'Null', 2762, '190082'),
(20976, '3', '7.8', 'Null', 2762, '190083'),
(20977, '2.5', '6.5', 'Null', 2762, '190084'),
(20978, '1.5', '5.4', 'Null', 2762, '191'),
(20979, '3.5', '8.9', 'Null', 2762, '220092'),
(20980, '2.5', '6.5', 'Null', 2762, '220228'),
(20981, '2', '5.5', 'Null', 2762, '450015'),
(20982, '3', '7.4', 'Null', 2763, '110002'),
(20983, '3', '7.4', 'Null', 2764, '110001'),
(20984, '2', '5.6', 'Null', 2764, '110042'),
(20985, '3.5', '8.5', 'Null', 2764, '180050'),
(20986, '3', '7.3', 'Null', 2764, '190081'),
(20987, '3.5', '8.8', 'Null', 2764, '190082'),
(20988, '3.5', '8', 'Null', 2764, '190083'),
(20989, '3', '7.8', 'Null', 2764, '190084'),
(20990, '1.5', '5', 'Null', 2764, '191'),
(20991, '3.5', '8.5', 'Null', 2764, '220092'),
(20992, '3.5', '8.1', 'Null', 2764, '220228'),
(20993, '3.5', '8.8', 'Null', 2764, '450015'),
(20994, '3', '7.4', 'Null', 2765, '110002'),
(20995, '2', '6.3', 'Null', 2766, '110001'),
(20996, '1', '4.9', 'Null', 2766, '110042'),
(20997, '1', '4.8', 'Null', 2766, '180050'),
(20998, '2.5', '6.7', 'Null', 2766, '190081'),
(20999, '3', '7.8', 'Null', 2766, '190082'),
(21000, '3', '7.8', 'Null', 2766, '190083'),
(21001, '2.5', '6.8', 'Null', 2766, '190084'),
(21002, '4', '10', 'Null', 2766, '191'),
(21003, '3', '7.7', 'Null', 2766, '220092'),
(21004, '1.5', '5', 'Null', 2766, '220228'),
(21005, '1', '4.8', 'Null', 2766, '410291'),
(21006, '2.5', '6.8', 'Null', 2766, '450015'),
(21007, '2.5', '6.9', 'Null', 2767, '110002'),
(21008, '3', '7.1', 'Null', 2768, '110001'),
(21009, '2', '5.6', 'Null', 2768, '110042'),
(21010, '3', '7.9', 'Null', 2768, '180050'),
(21011, '2', '6.3', 'Null', 2768, '190081'),
(21012, '2.5', '6.5', 'Null', 2768, '190082'),
(21013, '3', '7.8', 'Null', 2768, '190083'),
(21014, '3', '7.3', 'Null', 2768, '190084'),
(21015, '4', '9.3', 'Null', 2768, '191'),
(21016, '3.5', '8.5', 'Null', 2768, '220092'),
(21017, '4', '9.2', 'Null', 2768, '220228'),
(21018, '2', '6', 'Null', 2768, '410291'),
(21019, '3', '7', 'Null', 2768, '450015'),
(21020, '2.5', '6.8', 'Null', 2769, '110002'),
(21021, '1.5', '5.4', 'Null', 2770, '110001'),
(21022, '1.5', '3.9', 'Null', 2770, '110042'),
(21023, '2', '5.5', 'Null', 2770, '180050'),
(21024, '3', '7.7', 'Null', 2770, '190081'),
(21025, '2.5', '6.8', 'Null', 2770, '190082'),
(21026, '3', '7.3', 'Null', 2770, '190083'),
(21027, '3', '7.3', 'Null', 2770, '190084'),
(21028, '3.5', '8.3', 'Null', 2770, '191'),
(21029, '3.5', '8.9', 'Null', 2770, '220092'),
(21030, '1', '4.9', 'Null', 2770, '220228'),
(21031, '1.5', '5.4', 'Null', 2770, '410291'),
(21032, '2', '6.3', 'Null', 2770, '450015'),
(21033, '2.5', '6.5', 'Null', 2771, '110002'),
(21034, '1', '4.4', 'Null', 2772, '110001'),
(21035, '1', '4.5', 'Null', 2772, '110042'),
(21036, '1.5', '5.2', 'Null', 2772, '180050'),
(21037, '2', '6.4', 'Null', 2772, '190081'),
(21038, '2', '6.2', 'Null', 2772, '190082'),
(21039, '2', '6', 'Null', 2772, '190083'),
(21040, '2', '5.9', 'Null', 2772, '190084'),
(21041, '2.5', '6.8', 'Null', 2772, '191'),
(21042, '3.5', '8.8', 'Null', 2772, '220092'),
(21043, '1', '1.7', 'Null', 2772, '220228'),
(21044, '1', '4.6', 'Null', 2772, '410291'),
(21045, '1', '4.8', 'Null', 2772, '450015'),
(21046, '3', '7', 'Null', 2773, '110002'),
(21047, '2', '5.9', 'Null', 2774, '110001'),
(21048, '1', '4.9', 'Null', 2774, '110042'),
(21049, '2', '5.9', 'Null', 2774, '180050'),
(21050, '2.5', '6.7', 'Null', 2774, '190081'),
(21051, '2.5', '6.5', 'Null', 2774, '190082'),
(21052, '2.5', '6.8', 'Null', 2774, '190083'),
(21053, '2', '5.5', 'Null', 2774, '190084'),
(21054, '2.5', '6.8', 'Null', 2774, '191'),
(21055, '3.5', '8.7', 'Null', 2774, '220092'),
(21056, '1', '4.1', 'Null', 2774, '220228'),
(21057, '1', '4.6', 'Null', 2774, '410291'),
(21058, '2.5', '6.8', 'Null', 2774, '450015'),
(21059, '3', '7', 'Null', 2775, '110002'),
(21060, '1', '4.7', 'Null', 2776, '110001'),
(21061, '1', '4.7', 'Null', 2776, '110042'),
(21062, '1.5', '5', 'Null', 2776, '180050'),
(21063, '3', '7.9', 'Null', 2776, '190081'),
(21064, '3.5', '8.2', 'Null', 2776, '190082'),
(21065, '3', '7', 'Null', 2776, '190083'),
(21066, '2.5', '6.8', 'Null', 2776, '190084'),
(21067, '2.5', '6.8', 'Null', 2776, '191'),
(21068, '3.5', '8.3', 'Null', 2776, '220092'),
(21069, '2', '3.3', 'Null', 2776, '220228'),
(21070, '2', '6.1', 'Null', 2776, '410291'),
(21071, '3', '7.5', 'Null', 2776, '450015'),
(21072, '2.5', '6.8', 'Null', 2777, '110002'),
(21073, '1', '4.9', 'Null', 2778, '110001'),
(21074, '1', '4.3', 'Null', 2778, '110042'),
(21075, '1', '4', 'Null', 2778, '180050'),
(21076, '3.5', '8.3', 'Null', 2778, '190081'),
(21077, '2', '6', 'Null', 2778, '190082'),
(21078, '2', '5.8', 'Null', 2778, '190083'),
(21079, '2', '6', 'Null', 2778, '190084'),
(21080, '0', '2.7', 'Null', 2778, '191'),
(21081, '3', '7.7', 'Null', 2778, '220092'),
(21082, '1', '3.9', 'Null', 2778, '220228'),
(21083, '1', '4.2', 'Null', 2778, '410291'),
(21084, '1', '4.8', 'Null', 2778, '450015'),
(21085, '2.5', '6.6', 'Null', 2779, '110002'),
(21086, '3', '7.5', 'Null', 2780, '110001'),
(21087, '1', '4.8', 'Null', 2780, '110042'),
(21088, '2', '5.6', 'Null', 2780, '180050'),
(21089, '3.5', '8.2', 'Null', 2780, '190081'),
(21090, '3.5', '8.3', 'Null', 2780, '190082'),
(21091, '3', '7.3', 'Null', 2780, '190083'),
(21092, '3', '7', 'Null', 2780, '190084'),
(21093, '4', '9.8', 'Null', 2780, '191'),
(21094, '3.5', '8.5', 'Null', 2780, '220092'),
(21095, '1.5', '5.2', 'Null', 2780, '220228'),
(21096, '2', '5.6', 'Null', 2780, '410291'),
(21097, '2', '6.3', 'Null', 2780, '450015'),
(21098, '2', '5.9', 'Null', 2781, '110002'),
(21099, '2.5', '6.5', 'Null', 2782, '110001'),
(21100, '2', '5.6', 'Null', 2782, '110042'),
(21101, '2', '5.5', 'Null', 2782, '180050'),
(21102, '3', '7.9', 'Null', 2782, '190081'),
(21103, '2.5', '6.5', 'Null', 2782, '190082'),
(21104, '2.5', '6.8', 'Null', 2782, '190083'),
(21105, '3', '7', 'Null', 2782, '190084'),
(21106, '3', '7.4', 'Null', 2782, '191'),
(21107, '3.5', '8.1', 'Null', 2782, '220092'),
(21108, '2', '3.5', 'Null', 2782, '220228'),
(21109, '1', '4.1', 'Null', 2782, '410291'),
(21110, '2', '5.8', 'Null', 2782, '450015'),
(21111, '3', '7.2', 'Null', 2783, '110002'),
(21112, '1.5', '5.3', 'Null', 2784, '110001'),
(21113, '1.5', '5', 'Null', 2784, '110042'),
(21114, '2', '6.3', 'Null', 2784, '180050'),
(21115, '2', '5.9', 'Null', 2784, '190081'),
(21116, '3', '7.3', 'Null', 2784, '190082'),
(21117, '2', '6', 'Null', 2784, '190083'),
(21118, '2.5', '6.8', 'Null', 2784, '190084'),
(21119, '3.5', '8.5', 'Null', 2784, '191'),
(21120, '3.5', '8', 'Null', 2784, '220092'),
(21121, '1', '3.3', 'Null', 2784, '220228'),
(21122, '2', '5.6', 'Null', 2784, '410291'),
(21123, '1', '4.5', 'Null', 2784, '450015'),
(21124, '2', '6.2', 'Null', 2785, '110002'),
(21125, '1.5', '5.1', 'Null', 2786, '110001'),
(21126, '1', '4.3', 'Null', 2786, '110042'),
(21127, '1.5', '5.2', 'Null', 2786, '180050'),
(21128, '3', '7.8', 'Null', 2786, '190081'),
(21129, '3.5', '8', 'Null', 2786, '190082'),
(21130, '2', '6', 'Null', 2786, '190083'),
(21131, '2', '6.3', 'Null', 2786, '190084'),
(21132, '2.5', '6.5', 'Null', 2786, '191'),
(21133, '3', '7.9', 'Null', 2786, '220092'),
(21134, '1', '3.2', 'Null', 2786, '220228'),
(21135, '1', '4.4', 'Null', 2786, '410291'),
(21136, '1', '4.8', 'Null', 2786, '450015'),
(21137, '2.5', '6.7', 'Null', 2787, '110002');

-- --------------------------------------------------------

--
-- Cấu trúc bảng cho bảng `chuong_trinh_dao_tao`
--

CREATE TABLE `chuong_trinh_dao_tao` (
  `Ma_CTDT` varchar(100) NOT NULL,
  `Ten_CTDT` varchar(100) NOT NULL,
  `Ngay_quyet_dinh` date NOT NULL,
  `So_quyet_dinh` varchar(100) NOT NULL,
  `Loai_hinh_dao_tao` varchar(100) NOT NULL,
  `Tong_so_tin_chi` varchar(100) NOT NULL,
  `Ma_nganh` varchar(100) NOT NULL
) ENGINE=InnoDB DEFAULT CHARSET=utf8mb4 COLLATE=utf8mb4_general_ci;

--
-- Đang đổ dữ liệu cho bảng `chuong_trinh_dao_tao`
--

INSERT INTO `chuong_trinh_dao_tao` (`Ma_CTDT`, `Ten_CTDT`, `Ngay_quyet_dinh`, `So_quyet_dinh`, `Loai_hinh_dao_tao`, `Tong_so_tin_chi`, `Ma_nganh`) VALUES
('CNTT-2019', 'Chương trình đào tạo ngành công nghệ thông tin năm 2019', '2019-07-17', '373/QĐ-ĐHTV', 'Đào tạo hệ chính quy', '138', 'CNTT'),
('CNTT-2020', 'Chương trình đào tạo ngành công nghệ thông tin khóa 2020', '2020-07-09', 'Số 3455/QĐ - ĐHTV', 'Đào tạo hệ chính quy', '150', 'CNTT');

-- --------------------------------------------------------

--
-- Cấu trúc bảng cho bảng `co_van`
--

CREATE TABLE `co_van` (
  `Id_cv` varchar(100) NOT NULL,
  `Ho_ten_cv` varchar(100) NOT NULL,
  `Ngay_sinh_cv` date NOT NULL,
  `Gioi_tinh_cv` varchar(100) NOT NULL,
  `Dia_chi_cv` varchar(100) NOT NULL,
  `Email_cv` varchar(100) NOT NULL
) ENGINE=InnoDB DEFAULT CHARSET=utf8mb4 COLLATE=utf8mb4_general_ci;

--
-- Đang đổ dữ liệu cho bảng `co_van`
--

INSERT INTO `co_van` (`Id_cv`, `Ho_ten_cv`, `Ngay_sinh_cv`, `Gioi_tinh_cv`, `Dia_chi_cv`, `Email_cv`) VALUES
('GV01', 'Đoàn Phước Miền', '1990-01-01', 'demo', 'Trà Vinh', 'DPM@gmail.com'),
('GV02', 'Nguyễn Ngọc Đan Thanh', '1990-01-01', 'demo', 'Trà Vinh', 'NNDT@gmail.com'),
('GV03', 'Nguyễn Mộng Hiền', '1990-01-01', 'demo', 'Trà Vinh', 'NMH@gmail.com'),
('GV04', 'Phạm Thị Trúc Mai ', '1990-01-01', 'demo', 'Trà Vinh', 'PTTM@gmail.com'),
('GV05', 'Phạm Minh Đương', '1990-01-01', 'demo', 'Trà Vinh', 'PMD@gmail.com'),
('GV06', 'Phan Thị Phương Nam', '1990-01-01', 'demo', 'Trà Vinh', 'PTPN@gmail.com'),
('GV07', 'Nguyễn Trần Diễm Hạnh', '1990-01-01', 'demo', 'Trà Vinh', 'NTDH@gmail.com'),
('GV08', 'Huỳnh Văn Thanh', '1990-01-01', 'demo', 'Trà Vinh', 'Demo@gmail.com'),
('GV09', 'Nguyễn Nhứt Lam', '1990-01-01', 'demo', 'Trà Vinh', 'Demo@gmail.com'),
('GV10', 'Võ Thành C', '1990-01-01', 'demo', 'Trà Vinh', 'Demo@gmail.com'),
('GV11', 'Trầm Hoàng Nam', '1990-01-01', 'demo', 'Trà Vinh', 'Demo@gmail.com'),
('GV12', 'Nguyễn Bảo Ân', '1990-01-01', 'demo', 'Trà Vinh', 'Demo@gmail.com');

-- --------------------------------------------------------

--
-- Cấu trúc bảng cho bảng `hk_ctdt`
--

CREATE TABLE `hk_ctdt` (
  `Ma_HK_CTDT` varchar(100) NOT NULL,
  `Ten_HK_CTDT` varchar(100) NOT NULL
) ENGINE=InnoDB DEFAULT CHARSET=utf8mb4 COLLATE=utf8mb4_general_ci;

--
-- Đang đổ dữ liệu cho bảng `hk_ctdt`
--

INSERT INTO `hk_ctdt` (`Ma_HK_CTDT`, `Ten_HK_CTDT`) VALUES
('HKI - CNTT', 'Học kỳ 1 - Công nghệ thông tin'),
('HKII - CNTT', 'Học kỳ 2 - Công nghệ thông tin'),
('HKIII - CNTT', 'Học kỳ 3 - Công nghệ thông tin'),
('HKIV - CNTT', 'Học kỳ 4 - Công nghệ thông tin'),
('HKV - CNTT', 'Học kỳ 5 - Công nghệ thông tin'),
('HKVI - CNTT', 'Học kỳ 6 - Công nghệ thông tin'),
('HKVII - CNTT', 'Học kỳ 7 - Công nghệ thông tin'),
('HKVIII - CNTT', 'Học kỳ 8 - Công nghệ thông tin');

-- --------------------------------------------------------

--
-- Cấu trúc bảng cho bảng `hk_nien_khoa`
--

CREATE TABLE `hk_nien_khoa` (
  `Ma_hk_nien_khoa` varchar(100) NOT NULL,
  `Ten_hk_nien_khoa` varchar(100) NOT NULL
) ENGINE=InnoDB DEFAULT CHARSET=utf8mb4 COLLATE=utf8mb4_general_ci;

--
-- Đang đổ dữ liệu cho bảng `hk_nien_khoa`
--

INSERT INTO `hk_nien_khoa` (`Ma_hk_nien_khoa`, `Ten_hk_nien_khoa`) VALUES
('HKI 2019-2020', 'Học kỳ I 2019-2020'),
('HKI 2020-2021', 'Học kỳ I 2020-2021'),
('HKI 2021-2022', 'Học kỳ I 2021-2022'),
('HKI 2022-2023', 'Học kỳ I 2022-2023'),
('HKI 2023-2024', 'Học kỳ I 2023-2024'),
('HKII 2019-2020', 'Học kỳ II 2019-2020'),
('HKII 2020-2021', 'Học kỳ II 2020-2021'),
('HKII 2021-2022', 'Học kỳ II 2021-2022'),
('HKII 2022-2023', 'Học kỳ II 2022-2023'),
('HKII 2023-2024', 'Học kỳ II 2023-2024');

-- --------------------------------------------------------

--
-- Cấu trúc bảng cho bảng `khoa`
--

CREATE TABLE `khoa` (
  `Ma_khoa` varchar(100) NOT NULL,
  `Ten_khoa` varchar(100) NOT NULL
) ENGINE=InnoDB DEFAULT CHARSET=utf8mb4 COLLATE=utf8mb4_general_ci;

--
-- Đang đổ dữ liệu cho bảng `khoa`
--

INSERT INTO `khoa` (`Ma_khoa`, `Ten_khoa`) VALUES
('KTCN', 'Khoa Kỹ thuật và Công nghệ');

-- --------------------------------------------------------

--
-- Cấu trúc bảng cho bảng `loai_hp`
--

CREATE TABLE `loai_hp` (
  `Ma_loai_hp` varchar(100) NOT NULL,
  `Ten_loai_hp` varchar(100) NOT NULL
) ENGINE=InnoDB DEFAULT CHARSET=utf8mb4 COLLATE=utf8mb4_general_ci;

--
-- Đang đổ dữ liệu cho bảng `loai_hp`
--

INSERT INTO `loai_hp` (`Ma_loai_hp`, `Ten_loai_hp`) VALUES
('BB', 'Học phần bắt buộc'),
('TC', 'Học phần tự chọn');

-- --------------------------------------------------------

--
-- Cấu trúc bảng cho bảng `lop`
--

CREATE TABLE `lop` (
  `Ma_lop` varchar(100) NOT NULL,
  `Ten_lop` varchar(100) NOT NULL,
  `Id_cv` varchar(100) NOT NULL,
  `Ma_CTDT` varchar(100) NOT NULL
) ENGINE=InnoDB DEFAULT CHARSET=utf8mb4 COLLATE=utf8mb4_general_ci;

--
-- Đang đổ dữ liệu cho bảng `lop`
--

INSERT INTO `lop` (`Ma_lop`, `Ten_lop`, `Id_cv`, `Ma_CTDT`) VALUES
('DA18TTB', 'Công nghệ thông tin lớp B khóa 2018', 'GV01', 'CNTT-2019'),
('DA19TTA', 'Công nghệ thông tin lớp A khóa 2019', 'GV03', 'CNTT-2019'),
('DA20TTA', 'Công nghệ thông tin lớp A khóa 2020', 'GV02', 'CNTT-2020'),
('DA20TTB', 'Công nghệ thông tin lớp B khóa 2020', 'GV04', 'CNTT-2020'),
('DA21TTA', 'Công nghệ thông tin lớp A khóa 2021', 'GV10', 'CNTT-2020'),
('DA21TTB', 'Công nghệ thông tin lớp B khóa 2021', 'GV05', 'CNTT-2020'),
('DA21TTC', 'Công nghệ thông tin lớp C khóa 2021', 'GV06', 'CNTT-2020'),
('DA22TTA', 'Công nghệ thông tin lớp A khóa 2022', 'GV07', 'CNTT-2020'),
('DA22TTB', 'Công nghệ thông tin lớp B khóa 2022', 'GV08', 'CNTT-2020'),
('DA22TTC', 'Công nghệ thông tin lớp C khóa 2022', 'GV09', 'CNTT-2020'),
('DA22TTD', 'Công nghệ thông tin lớp D khóa 2022', 'GV11', 'CNTT-2020');

-- --------------------------------------------------------

--
-- Cấu trúc bảng cho bảng `mon_hoc`
--

CREATE TABLE `mon_hoc` (
  `Ma_mon_hoc` varchar(100) NOT NULL,
  `Ten_mon_hoc` varchar(100) NOT NULL,
  `Tin_chi` int(11) NOT NULL,
  `Linh_vuc_id` varchar(100) DEFAULT NULL
) ENGINE=InnoDB DEFAULT CHARSET=utf8mb4 COLLATE=utf8mb4_general_ci;

--
-- Đang đổ dữ liệu cho bảng `mon_hoc`
--

INSERT INTO `mon_hoc` (`Ma_mon_hoc`, `Ten_mon_hoc`, `Tin_chi`, `Linh_vuc_id`) VALUES
('110001', 'Đại số tuyến tính', 2, NULL),
('110002', 'Vi tích phân A2', 2, NULL),
('110003', 'Toán rời rạc', 2, NULL),
('110042', 'Vi tích phân A1', 3, '220034'),
('110057', 'Quy hoạch tuyến tính', 2, NULL),
('110079', 'Kiến trúc máy tính', 3, NULL),
('120004', 'Vật lý đại cương', 2, NULL),
('170011', 'Tiếng Việt thực hành', 2, NULL),
('180001', 'Tư tưởng Hồ Chí Minh', 2, NULL),
('180050', 'Triết học Mác - Lênin', 3, '180051'),
('180051', 'Kinh tế chính trị Mác - Lênin', 2, NULL),
('180052', 'Chủ nghĩa xã hội khoa học', 2, NULL),
('180053', 'Lịch sử Đảng Cộng sản Việt Nam', 2, NULL),
('190081', 'Học phần I: Đường lối QP và an ninh của ĐCSVN', 3, NULL),
('190082', 'Học phần II: Công tác quốc phòng và an ninh', 2, NULL),
('190083', 'Học phần III: Quân sự chung', 1, NULL),
('190084', 'Học phần IV: Kỹ thuật chiến đấu bộ binh và chiến thuật', 2, NULL),
('191', 'Giáo dục thể chất 1 (Điền kinh)', 1, NULL),
('192', 'Giáo dục thể chất 2 (bóng đá)', 1, NULL),
('193', 'Giáo dục thể chất 3 (bóng chuyền)', 1, NULL),
('220018', 'Mạng máy tính', 3, NULL),
('220034', 'Chuyên đề Linux', 3, NULL),
('220055', 'Công nghệ phần mềm', 3, NULL),
('220057', 'Xử lý ảnh', 3, NULL),
('220060', 'Hệ quản trị cơ sở dữ liệu', 3, NULL),
('220064', 'Chuyên đề ASP.net', 3, NULL),
('220065', 'Thương mại điện tử', 3, NULL),
('220071', 'Lập trình thiết bị di động', 3, NULL),
('220078', 'Quản trị dự án công nghệ thông tin', 3, NULL),
('220086', 'Lập trình ứng dụng trên Windows', 3, NULL),
('220092', 'Nhập môn công nghệ thông tin', 2, NULL),
('220096', 'Cơ sở dữ liệu', 3, NULL),
('220099', 'Lập trình hướng đối tượng', 3, NULL),
('220100', 'Lý thuyết đồ thị', 3, NULL),
('220101', 'Hệ điều hành', 3, NULL),
('220109', 'Khai khoáng dữ liệu', 3, NULL),
('220114', 'Thực tập tốt nghiệp (CNTT)', 3, NULL),
('220120', 'Xây dựng phần mềm hướng ĐT', 3, NULL),
('220126', 'An toàn và bảo mật thông tin', 3, NULL),
('220228', 'Kỹ thuật lập trình', 4, NULL),
('220232', 'Hệ thống thông tin quản lý', 3, NULL),
('220233', 'Đại số đại cương', 2, NULL),
('220234', 'Cấu trúc dữ liệu và giải thuật', 4, NULL),
('220236', 'Thiết kế Web', 3, NULL),
('220237', 'Lý thuyết xếp hàng', 2, NULL),
('220239', 'Phân tích và thiết kế hệ thống thông tin', 3, NULL),
('220241', 'Đồ họa ứng dụng', 3, NULL),
('220242', 'Cơ sở trí tuệ nhân tạo', 3, NULL),
('220243', 'Phát triển ứng dụng Web với mã nguồn mở', 3, NULL),
('220245', 'Tương tác người máy', 3, NULL),
('220246', 'Hệ hỗ trợ ra quyết định', 3, NULL),
('220247', 'Blockchaine', 3, NULL),
('220248', 'Máy học ứng dụng', 3, NULL),
('220249', 'Thị giác máy tính', 4, NULL),
('220250', 'Anh văn chuyên ngành công nghệ thông tin', 3, NULL),
('220265', 'Thực tập đồ án cơ sở ngành', 3, NULL),
('220266', 'Thực tập đồ án chuyên ngành', 3, NULL),
('220267', 'Điện toán đám mây', 3, NULL),
('220268', 'Phát triển ứng dụng hướng dịch vụ', 3, NULL),
('290000', 'Phương pháp NC khoa học', 2, NULL),
('320045', 'Thống kê và phân tích dữ liệu', 3, NULL),
('4', 'Khóa luận tốt nghiệp', 7, NULL),
('410291', 'Anh văn không chuyên 1', 3, NULL),
('410292', 'Anh văn không chuyên 2', 4, NULL),
('410293', 'Anh văn không chuyên 3', 3, NULL),
('410294', 'Anh văn không chuyên 4', 3, NULL),
('420000', 'Kỹ thuật XD & ban hành văn bản', 2, '220101'),
('430000', 'Nguyên lý kế toán', 2, NULL),
('440000', 'Quản trị doanh nghiệp', 2, NULL),
('450006', 'Tâm lý học đại cương', 2, NULL),
('450015', 'Pháp luật đại cương', 2, NULL),
('640033', 'Logic học đại cương', 2, NULL);

-- --------------------------------------------------------

--
-- Cấu trúc bảng cho bảng `nganh_dao_tao`
--

CREATE TABLE `nganh_dao_tao` (
  `Ma_nganh` varchar(100) NOT NULL,
  `Ten_nganh` varchar(100) NOT NULL,
  `Ma_bo_mon` varchar(100) NOT NULL
) ENGINE=InnoDB DEFAULT CHARSET=utf8mb4 COLLATE=utf8mb4_general_ci;

--
-- Đang đổ dữ liệu cho bảng `nganh_dao_tao`
--

INSERT INTO `nganh_dao_tao` (`Ma_nganh`, `Ten_nganh`, `Ma_bo_mon`) VALUES
('CNTT', 'Ngành Công nghệ thông tin', 'CNTT');

-- --------------------------------------------------------

--
-- Cấu trúc bảng cho bảng `nhom_mon`
--

CREATE TABLE `nhom_mon` (
  `Ma_nhom_mon` varchar(100) NOT NULL,
  `Ten_nhom_mon` varchar(100) NOT NULL
) ENGINE=InnoDB DEFAULT CHARSET=utf8mb4 COLLATE=utf8mb4_general_ci;

--
-- Đang đổ dữ liệu cho bảng `nhom_mon`
--

INSERT INTO `nhom_mon` (`Ma_nhom_mon`, `Ten_nhom_mon`) VALUES
('CN', 'Kiến thức chuyên ngành'),
('CSN', 'Kiến thức cơ sở ngành'),
('GDTC-QPAN', 'Giáo dục thể chất và giáo dục Quốc phòng - An ninh'),
('KH-XH-NV', 'Kiến thức Khoa học Xã hội và Nhân văn'),
('LLTT', 'Kiến thức lý luận chính trị'),
('NG-NG', 'Kiến thức ngoại ngữ'),
('NK', 'Ngoại khóa'),
('T-KH-TN', 'Kiến thức Toán - Tin học - Khoa học tự nhiên'),
('TN', 'Tốt nghiệp');

-- --------------------------------------------------------

--
-- Cấu trúc bảng cho bảng `sinh_vien`
--

CREATE TABLE `sinh_vien` (
  `MSSV` varchar(100) NOT NULL,
  `Ho_ten_sv` varchar(100) NOT NULL,
  `Dia_chi_sv` varchar(100) NOT NULL,
  `Gioi_tinh_sv` varchar(100) NOT NULL,
  `Email_sv` varchar(100) NOT NULL,
  `Ngay_sinh_sv` date NOT NULL,
  `Ma_lop` varchar(100) NOT NULL
) ENGINE=InnoDB DEFAULT CHARSET=utf8mb4 COLLATE=utf8mb4_general_ci;

--
-- Đang đổ dữ liệu cho bảng `sinh_vien`
--

INSERT INTO `sinh_vien` (`MSSV`, `Ho_ten_sv`, `Dia_chi_sv`, `Gioi_tinh_sv`, `Email_sv`, `Ngay_sinh_sv`, `Ma_lop`) VALUES
('110118135', 'Nguyễn Trung Tuấn', 'Trà Vinh', 'Demo', 'demo@gmail.com', '2002-01-01', 'DA20TTA'),
('110120002', 'Huỳnh Trần Tuấn Anh', 'Trà Vinh', 'Demo', 'demo@gmail.com', '2002-01-01', 'DA20TTA'),
('110120004', 'Trần Tiến Anh', 'Trà Vinh', 'Demo', 'demo@gmail.com', '2002-01-01', 'DA20TTA'),
('110120006', 'Đặng Kim Bắc', 'Trà Vinh', 'Demo', 'demo@gmail.com', '2002-01-01', 'DA20TTA'),
('110120008', 'Nguyễn Thị Ngọc Chăm', 'Trà Vinh', 'Demo', 'demo@gmail.com', '2002-01-01', 'DA20TTA'),
('110120010', 'Hà Minh Chiến', 'Trà Vinh', 'Demo', 'demo@gmail.com', '2002-01-01', 'DA20TTA'),
('110120013', 'Nguyễn Minh Đăng', 'Trà Vinh', 'Demo', 'demo@gmail.com', '2002-01-01', 'DA20TTB'),
('110120014', 'Trần Nguyễn Võ Minh Đăng', 'Trà Vinh', 'Demo', 'demo@gmail.com', '2002-01-01', 'DA20TTA'),
('110120016', 'Huỳnh Phúc Đạt', 'Trà Vinh', 'Demo', 'demo@gmail.com', '2002-01-01', 'DA20TTB'),
('110120019', 'Phạm Quyển Đình', 'Trà Vinh', 'Demo', 'demo@gmail.com', '2002-01-01', 'DA20TTB'),
('110120020', 'Nguyễn Minh Đức', 'Trà Vinh', 'Demo', 'demo@gmail.com', '2002-01-01', 'DA20TTB'),
('110120021', 'Vủ Duy Đức', 'Trà Vinh', 'Demo', 'demo@gmail.com', '2002-01-01', 'DA20TTA'),
('110120026', 'Lâm Ngọc Hân', 'Trà Vinh', 'Demo', 'demo@gmail.com', '2002-01-01', 'DA20TTA'),
('110120027', 'Lê Minh Hận', 'Trà Vinh', 'Demo', 'demo@gmail.com', '2002-01-01', 'DA20TTA'),
('110120029', 'Huỳnh Hữu Hiếu', 'Trà Vinh', 'Demo', 'demo@gmail.com', '2002-01-01', 'DA20TTA'),
('110120031', 'Trần Thái Hưng', 'Trà Vinh', 'Demo', 'demo@gmail.com', '2002-01-01', 'DA20TTB'),
('110120034', 'Trương Vũ Huy', 'Trà Vinh', 'Demo', 'demo@gmail.com', '2002-01-01', 'DA20TTA'),
('110120037', 'Phan Vĩ Khang', 'Trà Vinh', 'Demo', 'demo@gmail.com', '2002-01-01', 'DA20TTB'),
('110120038', 'Trần Thị Mỹ Khánh', 'Trà Vinh', 'Demo', 'demo@gmail.com', '2002-01-01', 'DA20TTB'),
('110120040', 'Đỗ Anh Khoa', 'Trà Vinh', 'Demo', 'demo@gmail.com', '2002-01-01', 'DA20TTA'),
('110120044', 'Huỳnh Tấn Lộc', 'Trà Vinh', 'Demo', 'demo@gmail.com', '2002-01-01', 'DA20TTB'),
('110120046', 'Tăng Xuân Lộc', 'Trà Vinh', 'Demo', 'demo@gmail.com', '2002-01-01', 'DA20TTB'),
('110120047', 'Trầm Hữu Lợi', 'Trà Vinh', 'Demo', 'demo@gmail.com', '2002-01-01', 'DA20TTA'),
('110120049', 'Lê Bảo Nghi', 'Trà Vinh', 'Demo', 'demo@gmail.com', '2002-01-01', 'DA20TTA'),
('110120051', 'Trần Trọng Nhân', 'Trà Vinh', 'Demo', 'demo@gmail.com', '2002-01-01', 'DA20TTA'),
('110120053', 'Nguyễn Huỳnh Nhiên', 'Trà Vinh', 'Demo', 'demo@gmail.com', '2002-01-01', 'DA20TTB'),
('110120054', 'Lê Đức Nhuận', 'Trà Vinh', 'Demo', 'demo@gmail.com', '2002-01-01', 'DA20TTA'),
('110120055', 'Nguyễn Nhựt Ninh', 'Trà Vinh', 'Demo', 'demo@gmail.com', '2002-01-01', 'DA20TTB'),
('110120059', 'Trương Sơn Sô Phát', 'Trà Vinh', 'Demo', 'demo@gmail.com', '2002-01-01', 'DA20TTB'),
('110120060', 'Kim Thị Sô Phi', 'Trà Vinh', 'Demo', 'demo@gmail.com', '2002-01-01', 'DA20TTA'),
('110120061', 'Nguyễn Hoàng Phú', 'Trà Vinh', 'Demo', 'demo@gmail.com', '2002-01-01', 'DA20TTA'),
('110120063', 'Lâm Khánh Quy', 'Trà Vinh', 'Demo', 'demo@gmail.com', '2002-01-01', 'DA20TTA'),
('110120066', 'Lý Ngọc Sơn', 'Trà Vinh', 'Demo', 'demo@gmail.com', '2002-01-01', 'DA20TTA'),
('110120067', 'Nguyễn Thị Diễm Sương', 'Trà Vinh', 'Demo', 'demo@gmail.com', '2002-01-01', 'DA20TTA'),
('110120070', 'Lê Thị Hiếu Thảo', 'Trà Vinh', 'Demo', 'demo@gmail.com', '2002-01-01', 'DA20TTB'),
('110120071', 'Nguyễn Ngọc Thịnh', 'Trà Vinh', 'Demo', 'demo@gmail.com', '2002-01-01', 'DA20TTA'),
('110120077', 'Trần Quang Tiến', 'Trà Vinh', 'Demo', 'demo@gmail.com', '2002-01-01', 'DA20TTA'),
('110120078', 'Nguyễn Trọng Tín', 'Trà Vinh', 'Demo', 'demo@gmail.com', '2002-01-01', 'DA20TTB'),
('110120081', 'Nguyễn Triến', 'Trà Vinh', 'Demo', 'demo@gmail.com', '2002-01-01', 'DA20TTA'),
('110120082', 'Trần Vỹ Triết', 'Trà Vinh', 'Demo', 'demo@gmail.com', '2002-01-01', 'DA20TTA'),
('110120083', 'Kim Dương Tuấn', 'Trà Vinh', 'Demo', 'demo@gmail.com', '2002-01-01', 'DA20TTA'),
('110120084', 'Trần Phúc Vĩ', 'Trà Vinh', 'Demo', 'demo@gmail.com', '2002-01-01', 'DA20TTA'),
('110120085', 'Nguyễn Xuân Vinh', 'Trà Vinh', 'Demo', 'demo@gmail.com', '2002-01-01', 'DA20TTB'),
('110120087', 'Nguyễn Thị Mỹ Yến', 'Trà Vinh', 'Demo', 'demo@gmail.com', '2002-01-01', 'DA20TTB'),
('110120090', 'Từ Quốc Cảnh', 'Trà Vinh', 'Demo', 'demo@gmail.com', '2002-01-01', 'DA20TTB'),
('110120091', 'Thạch Lâm Oanh Đi', 'Trà Vinh', 'Demo', 'demo@gmail.com', '2002-01-01', 'DA20TTB'),
('110120092', 'Nguyễn Thái Điền', 'Trà Vinh', 'Demo', 'demo@gmail.com', '2002-01-01', 'DA20TTB'),
('110120095', 'Nguyễn Trần Hoàng Hiếu', 'Trà Vinh', 'Demo', 'demo@gmail.com', '2002-01-01', 'DA20TTB'),
('110120098', 'La Diễn Kha', 'Trà Vinh', 'Demo', 'demo@gmail.com', '2002-01-01', 'DA20TTB'),
('110120101', 'Nguyễn Quốc Huy Khanh', 'Trà Vinh', 'Demo', 'demo@gmail.com', '2002-01-01', 'DA20TTB'),
('110120104', 'Nguyễn Tuấn Kiệt', 'Trà Vinh', 'Demo', 'demo@gmail.com', '2002-01-01', 'DA20TTB'),
('110120107', 'Lâm Chí Nhân', 'Trà Vinh', 'Demo', 'demo@gmail.com', '2002-01-01', 'DA20TTB'),
('110120108', 'Huỳnh Hữu Nhân', 'Trà Vinh', 'Demo', 'demo@gmail.com', '2002-01-01', 'DA20TTB'),
('110120109', 'Trần Thị Quỳnh Như', 'Trà Vinh', 'Demo', 'demo@gmail.com', '2002-01-01', 'DA20TTB'),
('110120111', 'Lê Đặng Phong', 'Trà Vinh', 'Demo', 'demo@gmail.com', '2002-01-01', 'DA20TTA'),
('110120112', 'Nguyễn Hoàng Phúc', 'Trà Vinh', 'Demo', 'demo@gmail.com', '2002-01-01', 'DA20TTB'),
('110120115', 'Trần Tuấn Sơn', 'Trà Vinh', 'Demo', 'demo@gmail.com', '2002-01-01', 'DA20TTB'),
('110120116', 'Thân Anh Tài', 'Trà Vinh', 'Demo', 'demo@gmail.com', '2002-01-01', 'DA20TTB'),
('110120118', 'Phạm Kim Thọ', 'Trà Vinh', 'Demo', 'demo@gmail.com', '2002-01-01', 'DA20TTB'),
('110120128', 'Huỳnh Gia Bảo', 'Trà Vinh', 'Demo', 'demo@gmail.com', '2002-01-01', 'DA20TTA'),
('110120164', 'Mạch Khánh Duy', 'Trà Vinh', 'Demo', 'demo@gmail.com', '2002-01-01', 'DA20TTA'),
('110120166', 'Ngô Tấn Lợi', 'Trà Vinh', 'Demo', 'demo@gmail.com', '2002-01-01', 'DA20TTA'),
('110120167', 'Võ Anh Duy', 'Trà Vinh', 'Demo', 'demo@gmail.com', '2002-01-01', 'DA20TTA'),
('110120170', 'Phạm Trọng Nghĩa', 'Trà Vinh', 'Demo', 'demo@gmail.com', '2002-01-01', 'DA20TTA'),
('110121002', 'Nguyễn Tuấn Anh', 'Trà Vinh', 'Demo', 'demo@gmail.com', '2002-01-01', 'DA21TTA'),
('110121004', 'Nguyễn Gia Bảo', 'Trà Vinh', 'Demo', 'demo@gmail.com', '2002-01-01', 'DA21TTB'),
('110121007', 'Nguyễn Lâm Quốc Bảo', 'Trà Vinh', 'Demo', 'demo@gmail.com', '2002-01-01', 'DA21TTA'),
('110121009', 'Phạm Khánh Đăng', 'Trà Vinh', 'Demo', 'demo@gmail.com', '2002-01-01', 'DA21TTB'),
('110121010', 'Cao Nguyễn Hải Đăng', 'Trà Vinh', 'Demo', 'demo@gmail.com', '2002-01-01', 'DA21TTA'),
('110121013', 'Võ Thị Diểm', 'Trà Vinh', 'Demo', 'demo@gmail.com', '2002-01-01', 'DA21TTB'),
('110121015', 'Nguyễn Anh Đức', 'Trà Vinh', 'Demo', 'demo@gmail.com', '2002-01-01', 'DA21TTA'),
('110121017', 'Đinh Lê Bảo Duy', 'Trà Vinh', 'Demo', 'demo@gmail.com', '2002-01-01', 'DA21TTA'),
('110121018', 'Danh Hoàng Duy', 'Trà Vinh', 'Demo', 'demo@gmail.com', '2002-01-01', 'DA21TTC'),
('110121020', 'Âu Kim Hà', 'Trà Vinh', 'Demo', 'demo@gmail.com', '2002-01-01', 'DA21TTC'),
('110121023', 'Trang Thành Hiếu', 'Trà Vinh', 'Demo', 'demo@gmail.com', '2002-01-01', 'DA21TTB'),
('110121024', 'Trần Bá Hiếu', 'Trà Vinh', 'Demo', 'demo@gmail.com', '2002-01-01', 'DA21TTA'),
('110121027', 'Trương Hoàng Hưng', 'Trà Vinh', 'Demo', 'demo@gmail.com', '2002-01-01', 'DA21TTA'),
('110121028', 'Trần Văn Trường Huy', 'Trà Vinh', 'Demo', 'demo@gmail.com', '2002-01-01', 'DA21TTB'),
('110121029', 'Lâm Quốc Huy', 'Trà Vinh', 'Demo', 'demo@gmail.com', '2002-01-01', 'DA21TTA'),
('110121031', 'Tiết Chí Huy', 'Trà Vinh', 'Demo', 'demo@gmail.com', '2002-01-01', 'DA21TTB'),
('110121032', 'Huỳnh Phan Thanh Huy', 'Trà Vinh', 'Demo', 'demo@gmail.com', '2002-01-01', 'DA21TTB'),
('110121033', 'Huỳnh Nhựt Huy', 'Trà Vinh', 'Demo', 'demo@gmail.com', '2002-01-01', 'DA21TTA'),
('110121034', 'Trần Duy Kha', 'Trà Vinh', 'Demo', 'demo@gmail.com', '2002-01-01', 'DA21TTB'),
('110121035', 'Nguyễn Hoàng Khang', 'Trà Vinh', 'Demo', 'demo@gmail.com', '2002-01-01', 'DA21TTB'),
('110121038', 'Nguyễn Cao Xuân Khánh', 'Trà Vinh', 'Demo', 'demo@gmail.com', '2002-01-01', 'DA21TTB'),
('110121041', 'Thượng Văn Anh Khoa', 'Trà Vinh', 'Demo', 'demo@gmail.com', '2002-01-01', 'DA21TTA'),
('110121044', 'Nguyên Trung Kiên', 'Trà Vinh', 'Demo', 'demo@gmail.com', '2002-01-01', 'DA21TTB'),
('110121045', 'Cao Kỳ', 'Trà Vinh', 'Demo', 'demo@gmail.com', '2002-01-01', 'DA21TTA'),
('110121047', 'Hứa Phước Lâm', 'Trà Vinh', 'Demo', 'demo@gmail.com', '2002-01-01', 'DA21TTB'),
('110121053', 'Nghị Tuấn Lộc', 'Trà Vinh', 'Demo', 'demo@gmail.com', '2002-01-01', 'DA21TTA'),
('110121054', 'Trần Phát Lộc', 'Trà Vinh', 'Demo', 'demo@gmail.com', '2002-01-01', 'DA21TTB'),
('110121055', 'Phạm Hữu Lộc', 'Trà Vinh', 'Demo', 'demo@gmail.com', '2002-01-01', 'DA21TTB'),
('110121061', 'Nguyễn Thanh Lý', 'Trà Vinh', 'Demo', 'demo@gmail.com', '2002-01-01', 'DA21TTA'),
('110121062', 'Trầm Ngọc Mai', 'Trà Vinh', 'Demo', 'demo@gmail.com', '2002-01-01', 'DA21TTA'),
('110121063', 'Đinh Tấn Mãi', 'Trà Vinh', 'Demo', 'demo@gmail.com', '2002-01-01', 'DA21TTB'),
('110121065', 'Trình Vinh Nghị', 'Trà Vinh', 'Demo', 'demo@gmail.com', '2002-01-01', 'DA21TTA'),
('110121066', 'Trần Trung Nghĩa', 'Trà Vinh', 'Demo', 'demo@gmail.com', '2002-01-01', 'DA21TTB'),
('110121067', 'Lâm Ngọc Triệu', 'Trà Vinh', 'Demo', 'demo@gmail.com', '2002-01-01', 'DA21TTA'),
('110121069', 'Nguyễn Thiện Nhân', 'Trà Vinh', 'Demo', 'demo@gmail.com', '2002-01-01', 'DA21TTA'),
('110121070', 'Cao Duy Nhân', 'Trà Vinh', 'Demo', 'demo@gmail.com', '2002-01-01', 'DA21TTA'),
('110121071', 'Nguyễn Hoàng Nhân', 'Trà Vinh', 'Demo', 'demo@gmail.com', '2002-01-01', 'DA21TTA'),
('110121074', 'Diệp Tú Như', 'Trà Vinh', 'Demo', 'demo@gmail.com', '2002-01-01', 'DA21TTB'),
('110121079', 'Trần Quốc Ninh', 'Trà Vinh', 'Demo', 'demo@gmail.com', '2002-01-01', 'DA21TTA'),
('110121081', 'Lâm Vĩnh Phát', 'Trà Vinh', 'Demo', 'demo@gmail.com', '2002-01-01', 'DA21TTA'),
('110121082', 'Diệp Nhất Phi', 'Trà Vinh', 'Demo', 'demo@gmail.com', '2002-01-01', 'DA21TTA'),
('110121083', 'Sơn Sô Phia', 'Trà Vinh', 'Demo', 'demo@gmail.com', '2002-01-01', 'DA21TTB'),
('110121084', 'Sơn Sô Phon', 'Trà Vinh', 'Demo', 'demo@gmail.com', '2002-01-01', 'DA21TTA'),
('110121087', 'Nguyễn Đại Hoàng Phúc', 'Trà Vinh', 'Demo', 'demo@gmail.com', '2002-01-01', 'DA21TTB'),
('110121088', 'Quách Tấn Quân', 'Trà Vinh', 'Demo', 'demo@gmail.com', '2002-01-01', 'DA21TTA'),
('110121089', 'Bùi Lạc Quang', 'Trà Vinh', 'Demo', 'demo@gmail.com', '2002-01-01', 'DA21TTB'),
('110121090', 'Trần Chánh Quí', 'Trà Vinh', 'Demo', 'demo@gmail.com', '2002-01-01', 'DA21TTA'),
('110121094', 'Trần Văn Sang', 'Trà Vinh', 'Demo', 'demo@gmail.com', '2002-01-01', 'DA21TTB'),
('110121095', 'Nguyễn Nhật Tài', 'Trà Vinh', 'Demo', 'demo@gmail.com', '2002-01-01', 'DA21TTB'),
('110121096', 'Danh Ngọc Tâm', 'Trà Vinh', 'Demo', 'demo@gmail.com', '2002-01-01', 'DA21TTB'),
('110121097', 'Dương Thành Tân', 'Trà Vinh', 'Demo', 'demo@gmail.com', '2002-01-01', 'DA21TTB'),
('110121098', 'Phạm Quang Tân', 'Trà Vinh', 'Demo', 'demo@gmail.com', '2002-01-01', 'DA21TTA'),
('110121099', 'Phan Hồng Thái', 'Trà Vinh', 'Demo', 'demo@gmail.com', '2002-01-01', 'DA21TTB'),
('110121100', 'Phạm Minh Thái', 'Trà Vinh', 'Demo', 'demo@gmail.com', '2002-01-01', 'DA21TTA'),
('110121101', 'Trương Nguyễn Hoàng Thanh', 'Trà Vinh', 'Demo', 'demo@gmail.com', '2002-01-01', 'DA21TTB'),
('110121103', 'Trần Văn Thành', 'Trà Vinh', 'Demo', 'demo@gmail.com', '2002-01-01', 'DA21TTA'),
('110121104', 'Nguyễn Tín Thành', 'Trà Vinh', 'Demo', 'demo@gmail.com', '2002-01-01', 'DA21TTA'),
('110121106', 'Tống Nhựt Thiên', 'Trà Vinh', 'Demo', 'demo@gmail.com', '2002-01-01', 'DA21TTA'),
('110121115', 'Ngô Đức Toàn', 'Trà Vinh', 'Demo', 'demo@gmail.com', '2002-01-01', 'DA21TTB'),
('110121118', 'Huỳnh Nguyễn Bích Trâm', 'Trà Vinh', 'Demo', 'demo@gmail.com', '2002-01-01', 'DA21TTB'),
('110121119', 'Nguyễn Đình Trí', 'Trà Vinh', 'Demo', 'demo@gmail.com', '2002-01-01', 'DA21TTB'),
('110121120', 'Nguyễn Hữu Trí', 'Trà Vinh', 'Demo', 'demo@gmail.com', '2002-01-01', 'DA21TTB'),
('110121137', 'Lê Trực Tín', 'Trà Vinh', 'Demo', 'demo@gmail.com', '2002-01-01', 'DA21TTC'),
('110121141', 'Kim Hữu Ngân', 'Trà Vinh', 'Demo', 'demo@gmail.com', '2002-01-01', 'DA21TTC'),
('110121144', 'Phạm Phước Vinh', 'Trà Vinh', 'Demo', 'demo@gmail.com', '2002-01-01', 'DA21TTC'),
('110121145', 'Cao Khải Minh', 'Trà Vinh', 'Demo', 'demo@gmail.com', '2002-01-01', 'DA21TTC'),
('110121146', 'Đặng Thị Kim Ngân', 'Trà Vinh', 'Demo', 'demo@gmail.com', '2002-01-01', 'DA21TTC'),
('110121147', 'Trương Phúc Duy', 'Trà Vinh', 'Demo', 'demo@gmail.com', '2002-01-01', 'DA21TTC'),
('110121148', 'Lê Ly Ta', 'Trà Vinh', 'Demo', 'demo@gmail.com', '2002-01-01', 'DA21TTC'),
('110121150', 'Trần Khánh Duy', 'Trà Vinh', 'Demo', 'demo@gmail.com', '2002-01-01', 'DA21TTC'),
('110121155', 'Lâm Sơn Tùng', 'Trà Vinh', 'Demo', 'demo@gmail.com', '2002-01-01', 'DA21TTC'),
('110121157', 'Vương Chí Trung', 'Trà Vinh', 'Demo', 'demo@gmail.com', '2002-01-01', 'DA21TTC'),
('110121158', 'Phạm Đăng Khoa', 'Trà Vinh', 'Demo', 'demo@gmail.com', '2002-01-01', 'DA21TTC'),
('110121163', 'Thạch Minh Thắng', 'Trà Vinh', 'Demo', 'demo@gmail.com', '2002-01-01', 'DA21TTC'),
('110121164', 'Trần Quốc Lâm', 'Trà Vinh', 'Demo', 'demo@gmail.com', '2002-01-01', 'DA21TTC'),
('110121172', 'Trịnh Tấn Cường', 'Trà Vinh', 'Demo', 'demo@gmail.com', '2002-01-01', 'DA21TTC'),
('110121174', 'Lê Thị Nguyễn Xuyên', 'Trà Vinh', 'Demo', 'demo@gmail.com', '2002-01-01', 'DA21TTC'),
('110121175', 'Nguyễn Thị Thanh', 'Trà Vinh', 'Demo', 'demo@gmail.com', '2002-01-01', 'DA21TTC'),
('110121179', 'Đặng Hào Nguyên', 'Trà Vinh', 'Demo', 'demo@gmail.com', '2002-01-01', 'DA21TTC'),
('110121180', 'Lê Trường An', 'Trà Vinh', 'Demo', 'demo@gmail.com', '2002-01-01', 'DA21TTC'),
('110121188', 'Nguyễn Duy Khang', 'Trà Vinh', 'Demo', 'demo@gmail.com', '2002-01-01', 'DA21TTC'),
('110121191', 'Nguyễn Phan Bảo Duy', 'Trà Vinh', 'Demo', 'demo@gmail.com', '2002-01-01', 'DA21TTC'),
('110121197', 'Nguyễn Được Nhiều', 'Trà Vinh', 'Demo', 'demo@gmail.com', '2002-01-01', 'DA21TTC'),
('110121206', 'La Tấn Đạt', 'Trà Vinh', 'Demo', 'demo@gmail.com', '2002-01-01', 'DA21TTC'),
('110121211', 'Nguyễn Mai Duy Khoa', 'Trà Vinh', 'Demo', 'demo@gmail.com', '2002-01-01', 'DA21TTC'),
('110121222', 'Nguyễn Quốc Khánh', 'Trà Vinh', 'Demo', 'demo@gmail.com', '2002-01-01', 'DA21TTC'),
('110121223', 'Ngô Thanh Quyền', 'Trà Vinh', 'Demo', 'demo@gmail.com', '2002-01-01', 'DA21TTC'),
('110121224', 'Nguyễn Hoàng Thương', 'Trà Vinh', 'Demo', 'demo@gmail.com', '2002-01-01', 'DA21TTC'),
('110121234', 'Lê Minh Nhựt', 'Trà Vinh', 'Demo', 'demo@gmail.com', '2002-01-01', 'DA21TTC'),
('110121236', 'Mai Đỗ Uyên', 'Trà Vinh', 'Demo', 'demo@gmail.com', '2002-01-01', 'DA21TTC');

-- --------------------------------------------------------

--
-- Cấu trúc bảng cho bảng `tai_khoan`
--

CREATE TABLE `tai_khoan` (
  `User_name` varchar(100) NOT NULL,
  `Password` varchar(100) NOT NULL,
  `Role` varchar(10) NOT NULL
) ENGINE=InnoDB DEFAULT CHARSET=utf8mb4 COLLATE=utf8mb4_general_ci;

--
-- Đang đổ dữ liệu cho bảng `tai_khoan`
--

INSERT INTO `tai_khoan` (`User_name`, `Password`, `Role`) VALUES
('110119011', '123123', 'student'),
('110120063', '123123', 'student'),
('110120111', '123123', 'student'),
('110120164', '123123', 'student'),
('admin', '123123', 'admin'),
('NMH@gmail.com', '123123', 'teacher');

-- --------------------------------------------------------

--
-- Cấu trúc bảng cho bảng `thuoc_ctdt`
--

CREATE TABLE `thuoc_ctdt` (
  `id` bigint(20) NOT NULL,
  `Ma_CTDT` varchar(100) NOT NULL,
  `Ma_HK_CTDT` varchar(100) NOT NULL,
  `Ma_loai_hp` varchar(100) NOT NULL,
  `Ma_mon_hoc` varchar(100) NOT NULL,
  `Ma_nhom_mon` varchar(100) NOT NULL
) ENGINE=InnoDB DEFAULT CHARSET=utf8mb4 COLLATE=utf8mb4_general_ci;

--
-- Đang đổ dữ liệu cho bảng `thuoc_ctdt`
--

INSERT INTO `thuoc_ctdt` (`id`, `Ma_CTDT`, `Ma_HK_CTDT`, `Ma_loai_hp`, `Ma_mon_hoc`, `Ma_nhom_mon`) VALUES
(596, 'CNTT-2020', 'HKI - CNTT', 'BB', '110001', 'T-KH-TN'),
(597, 'CNTT-2020', 'HKI - CNTT', 'BB', '110042', 'T-KH-TN'),
(598, 'CNTT-2020', 'HKI - CNTT', 'BB', '180050', 'LLTT'),
(599, 'CNTT-2020', 'HKI - CNTT', 'BB', '190081', 'GDTC-QPAN'),
(600, 'CNTT-2020', 'HKI - CNTT', 'BB', '190082', 'GDTC-QPAN'),
(601, 'CNTT-2020', 'HKI - CNTT', 'BB', '190083', 'GDTC-QPAN'),
(602, 'CNTT-2020', 'HKI - CNTT', 'BB', '190084', 'GDTC-QPAN'),
(603, 'CNTT-2020', 'HKI - CNTT', 'BB', '191', 'GDTC-QPAN'),
(604, 'CNTT-2020', 'HKI - CNTT', 'BB', '220092', 'T-KH-TN'),
(605, 'CNTT-2020', 'HKI - CNTT', 'BB', '220228', 'CSN'),
(606, 'CNTT-2020', 'HKI - CNTT', 'BB', '410291', 'NG-NG'),
(607, 'CNTT-2020', 'HKI - CNTT', 'BB', '450015', 'KH-XH-NV'),
(608, 'CNTT-2020', 'HKII - CNTT', 'BB', '110003', 'T-KH-TN'),
(609, 'CNTT-2020', 'HKII - CNTT', 'BB', '170011', 'KH-XH-NV'),
(610, 'CNTT-2020', 'HKII - CNTT', 'BB', '180051', 'LLTT'),
(611, 'CNTT-2020', 'HKII - CNTT', 'BB', '192', 'GDTC-QPAN'),
(612, 'CNTT-2020', 'HKII - CNTT', 'BB', '220233', 'T-KH-TN'),
(613, 'CNTT-2020', 'HKII - CNTT', 'BB', '220234', 'CSN'),
(614, 'CNTT-2020', 'HKII - CNTT', 'BB', '290000', 'T-KH-TN'),
(615, 'CNTT-2020', 'HKII - CNTT', 'BB', '410292', 'NG-NG'),
(616, 'CNTT-2020', 'HKII - CNTT', 'BB', '640033', 'KH-XH-NV'),
(617, 'CNTT-2020', 'HKIII - CNTT', 'BB', '110002', 'T-KH-TN'),
(618, 'CNTT-2020', 'HKIII - CNTT', 'BB', '110079', 'CSN'),
(619, 'CNTT-2020', 'HKIII - CNTT', 'BB', '180052', 'LLTT'),
(620, 'CNTT-2020', 'HKIII - CNTT', 'BB', '193', 'GDTC-QPAN'),
(621, 'CNTT-2020', 'HKIII - CNTT', 'BB', '220096', 'CSN'),
(622, 'CNTT-2020', 'HKIII - CNTT', 'BB', '220099', 'CSN'),
(623, 'CNTT-2020', 'HKIII - CNTT', 'BB', '220100', 'T-KH-TN'),
(624, 'CNTT-2020', 'HKIII - CNTT', 'BB', '410293', 'NG-NG'),
(625, 'CNTT-2020', 'HKIV - CNTT', 'TC', '110057', 'T-KH-TN'),
(626, 'CNTT-2020', 'HKIV - CNTT', 'TC', '120004', 'T-KH-TN'),
(627, 'CNTT-2020', 'HKIV - CNTT', 'BB', '180001', 'LLTT'),
(628, 'CNTT-2020', 'HKIV - CNTT', 'BB', '220018', 'CSN'),
(629, 'CNTT-2020', 'HKIV - CNTT', 'BB', '220101', 'CSN'),
(630, 'CNTT-2020', 'HKIV - CNTT', 'BB', '220236', 'CSN'),
(631, 'CNTT-2020', 'HKIV - CNTT', 'TC', '220237', 'T-KH-TN'),
(632, 'CNTT-2020', 'HKIV - CNTT', 'BB', '220250', 'NG-NG'),
(633, 'CNTT-2020', 'HKIV - CNTT', 'BB', '410294', 'NG-NG'),
(634, 'CNTT-2020', 'HKV - CNTT', 'BB', '180053', 'LLTT'),
(635, 'CNTT-2020', 'HKV - CNTT', 'BB', '220034', 'CSN'),
(636, 'CNTT-2020', 'HKV - CNTT', 'TC', '220065', 'CSN'),
(637, 'CNTT-2020', 'HKV - CNTT', 'TC', '220086', 'CSN'),
(638, 'CNTT-2020', 'HKV - CNTT', 'BB', '220239', 'CN'),
(639, 'CNTT-2020', 'HKV - CNTT', 'TC', '220241', 'CSN'),
(640, 'CNTT-2020', 'HKV - CNTT', 'BB', '220265', 'CSN'),
(641, 'CNTT-2020', 'HKV - CNTT', 'TC', '220267', 'CSN'),
(642, 'CNTT-2020', 'HKV - CNTT', 'BB', '320045', 'T-KH-TN'),
(643, 'CNTT-2020', 'HKVI - CNTT', 'BB', '220055', 'CN'),
(644, 'CNTT-2020', 'HKVI - CNTT', 'BB', '220060', 'CN'),
(645, 'CNTT-2020', 'HKVI - CNTT', 'BB', '220071', 'CN'),
(646, 'CNTT-2020', 'HKVI - CNTT', 'BB', '220109', 'CN'),
(647, 'CNTT-2020', 'HKVI - CNTT', 'BB', '220126', 'CN'),
(648, 'CNTT-2020', 'HKVI - CNTT', 'BB', '220242', 'CSN'),
(649, 'CNTT-2020', 'HKVI - CNTT', 'TC', '420000', 'KH-XH-NV'),
(650, 'CNTT-2020', 'HKVI - CNTT', 'TC', '430000', 'KH-XH-NV'),
(651, 'CNTT-2020', 'HKVI - CNTT', 'TC', '440000', 'KH-XH-NV'),
(652, 'CNTT-2020', 'HKVI - CNTT', 'TC', '450006', 'KH-XH-NV'),
(653, 'CNTT-2020', 'HKVII - CNTT', 'BB', '220057', 'CN'),
(654, 'CNTT-2020', 'HKVII - CNTT', 'TC', '220064', 'CN'),
(655, 'CNTT-2020', 'HKVII - CNTT', 'BB', '220078', 'CN'),
(656, 'CNTT-2020', 'HKVII - CNTT', 'BB', '220120', 'CN'),
(657, 'CNTT-2020', 'HKVII - CNTT', 'BB', '220243', 'CN'),
(658, 'CNTT-2020', 'HKVII - CNTT', 'TC', '220245', 'CN'),
(659, 'CNTT-2020', 'HKVII - CNTT', 'TC', '220246', 'CN'),
(660, 'CNTT-2020', 'HKVII - CNTT', 'TC', '220247', 'CN'),
(661, 'CNTT-2020', 'HKVII - CNTT', 'BB', '220266', 'CN'),
(662, 'CNTT-2020', 'HKVII - CNTT', 'TC', '220268', 'CN'),
(663, 'CNTT-2020', 'HKVIII - CNTT', 'TC', '4', 'TN'),
(664, 'CNTT-2020', 'HKVIII - CNTT', 'BB', '220114', 'TN'),
(665, 'CNTT-2020', 'HKVIII - CNTT', 'TC', '220232', 'TN'),
(666, 'CNTT-2020', 'HKVIII - CNTT', 'BB', '220248', 'TN'),
(667, 'CNTT-2020', 'HKVIII - CNTT', 'TC', '220249', 'TN');

--
-- Chỉ mục cho các bảng đã đổ
--

--
-- Chỉ mục cho bảng `bang_diem`
--
ALTER TABLE `bang_diem`
  ADD PRIMARY KEY (`Ma_bang_diem`),
  ADD KEY `bang_diem_MSSV_aa90ca4e_fk_sinh_vien_MSSV` (`MSSV`),
  ADD KEY `bang_diem_Ma_hk_nien_khoa_1f447cf3_fk_hk_nien_k` (`Ma_hk_nien_khoa`);

--
-- Chỉ mục cho bảng `bo_mon`
--
ALTER TABLE `bo_mon`
  ADD PRIMARY KEY (`Ma_bo_mon`),
  ADD KEY `bo_mon_Ma_khoa_a2fa80a9_fk_khoa_Ma_khoa` (`Ma_khoa`);

--
-- Chỉ mục cho bảng `chi_tiet_bang_diem`
--
ALTER TABLE `chi_tiet_bang_diem`
  ADD PRIMARY KEY (`Ma_CTBD`),
  ADD KEY `chi_tiet_bang_diem_Ma_bang_diem_55967015_fk_bang_diem` (`Ma_bang_diem`),
  ADD KEY `chi_tiet_bang_diem_Ma_mon_hoc_9f39dbfc_fk_mon_hoc_Ma_mon_hoc` (`Ma_mon_hoc`);

--
-- Chỉ mục cho bảng `chuong_trinh_dao_tao`
--
ALTER TABLE `chuong_trinh_dao_tao`
  ADD PRIMARY KEY (`Ma_CTDT`),
  ADD KEY `chuong_trinh_dao_tao_Ma_nganh_33adf904_fk_nganh_dao_tao_Ma_nganh` (`Ma_nganh`);

--
-- Chỉ mục cho bảng `co_van`
--
ALTER TABLE `co_van`
  ADD PRIMARY KEY (`Id_cv`);

--
-- Chỉ mục cho bảng `hk_ctdt`
--
ALTER TABLE `hk_ctdt`
  ADD PRIMARY KEY (`Ma_HK_CTDT`);

--
-- Chỉ mục cho bảng `hk_nien_khoa`
--
ALTER TABLE `hk_nien_khoa`
  ADD PRIMARY KEY (`Ma_hk_nien_khoa`);

--
-- Chỉ mục cho bảng `khoa`
--
ALTER TABLE `khoa`
  ADD PRIMARY KEY (`Ma_khoa`);

--
-- Chỉ mục cho bảng `loai_hp`
--
ALTER TABLE `loai_hp`
  ADD PRIMARY KEY (`Ma_loai_hp`);

--
-- Chỉ mục cho bảng `lop`
--
ALTER TABLE `lop`
  ADD PRIMARY KEY (`Ma_lop`),
  ADD KEY `lop_Id_cv_4e29fe43_fk_co_van_Id_cv` (`Id_cv`),
  ADD KEY `lop_Ma_CTDT_2e20a3c6_fk_chuong_trinh_dao_tao_Ma_CTDT` (`Ma_CTDT`);

--
-- Chỉ mục cho bảng `mon_hoc`
--
ALTER TABLE `mon_hoc`
  ADD PRIMARY KEY (`Ma_mon_hoc`),
  ADD KEY `mon_hoc_Linh_vuc_id_659f2e24_fk_mon_hoc_Ma_mon_hoc` (`Linh_vuc_id`);

--
-- Chỉ mục cho bảng `nganh_dao_tao`
--
ALTER TABLE `nganh_dao_tao`
  ADD PRIMARY KEY (`Ma_nganh`),
  ADD KEY `nganh_dao_tao_Ma_bo_mon_1d4eab8a_fk_bo_mon_Ma_bo_mon` (`Ma_bo_mon`);

--
-- Chỉ mục cho bảng `nhom_mon`
--
ALTER TABLE `nhom_mon`
  ADD PRIMARY KEY (`Ma_nhom_mon`);

--
-- Chỉ mục cho bảng `sinh_vien`
--
ALTER TABLE `sinh_vien`
  ADD PRIMARY KEY (`MSSV`),
  ADD KEY `sinh_vien_Ma_lop_e2abc610_fk_lop_Ma_lop` (`Ma_lop`);

--
-- Chỉ mục cho bảng `tai_khoan`
--
ALTER TABLE `tai_khoan`
  ADD PRIMARY KEY (`User_name`);

--
-- Chỉ mục cho bảng `thuoc_ctdt`
--
ALTER TABLE `thuoc_ctdt`
  ADD PRIMARY KEY (`id`),
  ADD KEY `thuoc_ctdt_Ma_CTDT_72f02721_fk_chuong_trinh_dao_tao_Ma_CTDT` (`Ma_CTDT`),
  ADD KEY `thuoc_ctdt_Ma_HK_CTDT_1cc85711_fk_hk_ctdt_Ma_HK_CTDT` (`Ma_HK_CTDT`),
  ADD KEY `thuoc_ctdt_Ma_loai_hp_3c2d0748_fk_loai_hp_Ma_loai_hp` (`Ma_loai_hp`),
  ADD KEY `thuoc_ctdt_Ma_mon_hoc_d6a4a1d9_fk_mon_hoc_Ma_mon_hoc` (`Ma_mon_hoc`),
  ADD KEY `thuoc_ctdt_Ma_nhom_mon_49fd6162_fk_nhom_mon_Ma_nhom_mon` (`Ma_nhom_mon`);

--
-- AUTO_INCREMENT cho các bảng đã đổ
--

--
-- AUTO_INCREMENT cho bảng `bang_diem`
--
ALTER TABLE `bang_diem`
  MODIFY `Ma_bang_diem` int(11) NOT NULL AUTO_INCREMENT, AUTO_INCREMENT=2788;

--
-- AUTO_INCREMENT cho bảng `chi_tiet_bang_diem`
--
ALTER TABLE `chi_tiet_bang_diem`
  MODIFY `Ma_CTBD` int(11) NOT NULL AUTO_INCREMENT, AUTO_INCREMENT=21138;

--
-- AUTO_INCREMENT cho bảng `thuoc_ctdt`
--
ALTER TABLE `thuoc_ctdt`
  MODIFY `id` bigint(20) NOT NULL AUTO_INCREMENT, AUTO_INCREMENT=668;

--
-- Các ràng buộc cho các bảng đã đổ
--

--
-- Các ràng buộc cho bảng `bang_diem`
--
ALTER TABLE `bang_diem`
  ADD CONSTRAINT `bang_diem_MSSV_aa90ca4e_fk_sinh_vien_MSSV` FOREIGN KEY (`MSSV`) REFERENCES `sinh_vien` (`MSSV`),
  ADD CONSTRAINT `bang_diem_Ma_hk_nien_khoa_1f447cf3_fk_hk_nien_k` FOREIGN KEY (`Ma_hk_nien_khoa`) REFERENCES `hk_nien_khoa` (`Ma_hk_nien_khoa`);

--
-- Các ràng buộc cho bảng `bo_mon`
--
ALTER TABLE `bo_mon`
  ADD CONSTRAINT `bo_mon_Ma_khoa_a2fa80a9_fk_khoa_Ma_khoa` FOREIGN KEY (`Ma_khoa`) REFERENCES `khoa` (`Ma_khoa`);

--
-- Các ràng buộc cho bảng `chi_tiet_bang_diem`
--
ALTER TABLE `chi_tiet_bang_diem`
  ADD CONSTRAINT `chi_tiet_bang_diem_Ma_bang_diem_55967015_fk_bang_diem` FOREIGN KEY (`Ma_bang_diem`) REFERENCES `bang_diem` (`Ma_bang_diem`),
  ADD CONSTRAINT `chi_tiet_bang_diem_Ma_mon_hoc_9f39dbfc_fk_mon_hoc_Ma_mon_hoc` FOREIGN KEY (`Ma_mon_hoc`) REFERENCES `mon_hoc` (`Ma_mon_hoc`);

--
-- Các ràng buộc cho bảng `chuong_trinh_dao_tao`
--
ALTER TABLE `chuong_trinh_dao_tao`
  ADD CONSTRAINT `chuong_trinh_dao_tao_Ma_nganh_33adf904_fk_nganh_dao_tao_Ma_nganh` FOREIGN KEY (`Ma_nganh`) REFERENCES `nganh_dao_tao` (`Ma_nganh`);

--
-- Các ràng buộc cho bảng `lop`
--
ALTER TABLE `lop`
  ADD CONSTRAINT `lop_Id_cv_4e29fe43_fk_co_van_Id_cv` FOREIGN KEY (`Id_cv`) REFERENCES `co_van` (`Id_cv`),
  ADD CONSTRAINT `lop_Ma_CTDT_2e20a3c6_fk_chuong_trinh_dao_tao_Ma_CTDT` FOREIGN KEY (`Ma_CTDT`) REFERENCES `chuong_trinh_dao_tao` (`Ma_CTDT`);

--
-- Các ràng buộc cho bảng `mon_hoc`
--
ALTER TABLE `mon_hoc`
  ADD CONSTRAINT `mon_hoc_Linh_vuc_id_659f2e24_fk_mon_hoc_Ma_mon_hoc` FOREIGN KEY (`Linh_vuc_id`) REFERENCES `mon_hoc` (`Ma_mon_hoc`);

--
-- Các ràng buộc cho bảng `nganh_dao_tao`
--
ALTER TABLE `nganh_dao_tao`
  ADD CONSTRAINT `nganh_dao_tao_Ma_bo_mon_1d4eab8a_fk_bo_mon_Ma_bo_mon` FOREIGN KEY (`Ma_bo_mon`) REFERENCES `bo_mon` (`Ma_bo_mon`);

--
-- Các ràng buộc cho bảng `sinh_vien`
--
ALTER TABLE `sinh_vien`
  ADD CONSTRAINT `sinh_vien_Ma_lop_e2abc610_fk_lop_Ma_lop` FOREIGN KEY (`Ma_lop`) REFERENCES `lop` (`Ma_lop`);

--
-- Các ràng buộc cho bảng `thuoc_ctdt`
--
ALTER TABLE `thuoc_ctdt`
  ADD CONSTRAINT `thuoc_ctdt_Ma_CTDT_72f02721_fk_chuong_trinh_dao_tao_Ma_CTDT` FOREIGN KEY (`Ma_CTDT`) REFERENCES `chuong_trinh_dao_tao` (`Ma_CTDT`),
  ADD CONSTRAINT `thuoc_ctdt_Ma_HK_CTDT_1cc85711_fk_hk_ctdt_Ma_HK_CTDT` FOREIGN KEY (`Ma_HK_CTDT`) REFERENCES `hk_ctdt` (`Ma_HK_CTDT`),
  ADD CONSTRAINT `thuoc_ctdt_Ma_loai_hp_3c2d0748_fk_loai_hp_Ma_loai_hp` FOREIGN KEY (`Ma_loai_hp`) REFERENCES `loai_hp` (`Ma_loai_hp`),
  ADD CONSTRAINT `thuoc_ctdt_Ma_mon_hoc_d6a4a1d9_fk_mon_hoc_Ma_mon_hoc` FOREIGN KEY (`Ma_mon_hoc`) REFERENCES `mon_hoc` (`Ma_mon_hoc`),
  ADD CONSTRAINT `thuoc_ctdt_Ma_nhom_mon_49fd6162_fk_nhom_mon_Ma_nhom_mon` FOREIGN KEY (`Ma_nhom_mon`) REFERENCES `nhom_mon` (`Ma_nhom_mon`);
COMMIT;

/*!40101 SET CHARACTER_SET_CLIENT=@OLD_CHARACTER_SET_CLIENT */;
/*!40101 SET CHARACTER_SET_RESULTS=@OLD_CHARACTER_SET_RESULTS */;
/*!40101 SET COLLATION_CONNECTION=@OLD_COLLATION_CONNECTION */;
